This is pdfTeX, Version 3.141592653-2.6-1.40.25 (MiKTeX 24.1) (preloaded format=pdflatex 2025.12.28)  4 JUN 2026 13:40
entering extended mode
 restricted \write18 enabled.
 %&-line parsing enabled.
**./main.tex
(main.tex
LaTeX2e <2023-11-01> patch level 1
L3 programming layer <2024-01-04>
(enetcom-pfe-report.cls
(C:\Users\Wiem\AppData\Local\Programs\MiKTeX\tex/latex/silence\silence.sty
Package: silence 2012/07/02 v1.5b Selective filtering of warnings and error mes
sages
\sl@Save=\count187
\sl@StateNumber=\count188
\sl@MessageCount=\count189
\sl@Casualties=\count190
\sl@Filter=\toks17
\sl@Message=\toks18
\sl@UnexpandedMessage=\toks19
\sl@Mess@ge=\toks20
\sl@WarningCount=\count191
\sl@WarningNumber=\count192
\sl@WarningCasualties=\count193
\sl@TempBOW=\toks21
\sl@BankOfWarnings=\toks22
LaTeX Info: Redefining \GenericWarning on input line 433.
\sl@ErrorCount=\count194
\sl@ErrorNumber=\count195
\sl@ErrorCasualties=\count196
\sl@TempBOE=\toks23
\sl@BankOfErrors=\toks24
LaTeX Info: Redefining \GenericError on input line 601.
)
(C:\Users\Wiem\AppData\Local\Programs\MiKTeX\tex/latex/base\report.cls
Document Class: report 2023/05/17 v1.4n Standard LaTeX document class
(C:\Users\Wiem\AppData\Local\Programs\MiKTeX\tex/latex/base\size12.clo
File: size12.clo 2023/05/17 v1.4n Standard LaTeX file (size option)
)
\c@part=\count197
\c@chapter=\count198
\c@section=\count199
\c@subsection=\count266
\c@subsubsection=\count267
\c@paragraph=\count268
\c@subparagraph=\count269
\c@figure=\count270
\c@table=\count271
\abovecaptionskip=\skip48
\belowcaptionskip=\skip49
\bibindent=\dimen140
)
(C:\Users\Wiem\AppData\Local\Programs\MiKTeX\tex/latex/geometry\geometry.sty
Package: geometry 2020/01/02 v5.9 Page Geometry

(C:\Users\Wiem\AppData\Local\Programs\MiKTeX\tex/latex/graphics\keyval.sty
Package: keyval 2022/05/29 v1.15 key=value parser (DPC)
\KV@toks@=\toks25
)
(C:\Users\Wiem\AppData\Local\Programs\MiKTeX\tex/generic/iftex\ifvtex.sty
Package: ifvtex 2019/10/25 v1.7 ifvtex legacy package. Use iftex instead.

(C:\Users\Wiem\AppData\Local\Programs\MiKTeX\tex/generic/iftex\iftex.sty
Package: iftex 2022/02/03 v1.0f TeX engine tests
))
\Gm@cnth=\count272
\Gm@cntv=\count273
\c@Gm@tempcnt=\count274
\Gm@bindingoffset=\dimen141
\Gm@wd@mp=\dimen142
\Gm@odd@mp=\dimen143
\Gm@even@mp=\dimen144
\Gm@layoutwidth=\dimen145
\Gm@layoutheight=\dimen146
\Gm@layouthoffset=\dimen147
\Gm@layoutvoffset=\dimen148
\Gm@dimlist=\toks26

(C:\Users\Wiem\AppData\Local\Programs\MiKTeX\tex/latex/geometry\geometry.cfg))
(C:\Users\Wiem\AppData\Local\Programs\MiKTeX\tex/latex/environ\environ.sty
Package: environ 2014/05/04 v0.3 A new way to define environments

(C:\Users\Wiem\AppData\Local\Programs\MiKTeX\tex/latex/trimspaces\trimspaces.st
y
Package: trimspaces 2009/09/17 v1.1 Trim spaces around a token list
)
\@envbody=\toks27
) (C:\Users\Wiem\AppData\Local\Programs\MiKTeX\tex/latex/verse\verse.sty
Package: verse 2014/05/10 v2.4b verse typesetting
\c@vslineno=\count275
\c@poemline=\count276
\c@fvsline=\count277
\c@modulo@vs=\count278
\c@verse@envctr=\count279
\versewidth=\skip50
\vgap=\skip51
\vindent=\skip52
\stanzaskip=\skip53
\vleftskip=\skip54
\vrightskip=\skip55
\c@chrsinstr=\count280
\beforepoemtitleskip=\skip56
\afterpoemtitleskip=\skip57
)
(C:\Users\Wiem\AppData\Local\Programs\MiKTeX\tex/latex/xcolor\xcolor.sty
Package: xcolor 2023/11/15 v3.01 LaTeX color extensions (UK)

(C:\Users\Wiem\AppData\Local\Programs\MiKTeX\tex/latex/graphics-cfg\color.cfg
File: color.cfg 2016/01/02 v1.6 sample color configuration
)
Package xcolor Info: Driver file: pdftex.def on input line 274.

(C:\Users\Wiem\AppData\Local\Programs\MiKTeX\tex/latex/graphics-def\pdftex.def
File: pdftex.def 2022/09/22 v1.2b Graphics/color driver for pdftex
) (C:\Users\Wiem\AppData\Local\Programs\MiKTeX\tex/latex/graphics\mathcolor.ltx
)
Package xcolor Info: Model `cmy' substituted by `cmy0' on input line 1350.
Package xcolor Info: Model `hsb' substituted by `rgb' on input line 1354.
Package xcolor Info: Model `RGB' extended on input line 1366.
Package xcolor Info: Model `HTML' substituted by `rgb' on input line 1368.
Package xcolor Info: Model `Hsb' substituted by `hsb' on input line 1369.
Package xcolor Info: Model `tHsb' substituted by `hsb' on input line 1370.
Package xcolor Info: Model `HSB' substituted by `hsb' on input line 1371.
Package xcolor Info: Model `Gray' substituted by `gray' on input line 1372.
Package xcolor Info: Model `wave' substituted by `hsb' on input line 1373.
) (C:\Users\Wiem\AppData\Local\Programs\MiKTeX\tex/latex/titlesec\titlesec.sty
Package: titlesec 2025/01/04 v2.17 Sectioning titles
\ttl@box=\box51
\beforetitleunit=\skip58
\aftertitleunit=\skip59
\ttl@plus=\dimen149
\ttl@minus=\dimen150
\ttl@toksa=\toks28
\titlewidth=\dimen151
\titlewidthlast=\dimen152
\titlewidthfirst=\dimen153
) (C:\Users\Wiem\AppData\Local\Programs\MiKTeX\tex/latex/titlesec\titletoc.sty
Package: titletoc 2025/01/04 v2.17 TOC entries
\ttl@leftsep=\dimen154
)
(C:\Users\Wiem\AppData\Local\Programs\MiKTeX\tex/latex/chngcntr\chngcntr.sty
Package: chngcntr 2018/04/09 v1.1a change counter resetting
Package chngcntr Info: \counterwithout already defined.
(chngcntr)             Quitting chngcntr on input line 21.
)
(C:\Users\Wiem\AppData\Local\Programs\MiKTeX\tex/latex/fancyhdr\fancyhdr.sty
Package: fancyhdr 2025/02/07 v5.2 Extensive control of page headers and footers

\f@nch@headwidth=\skip60
\f@nch@offset@elh=\skip61
\f@nch@offset@erh=\skip62
\f@nch@offset@olh=\skip63
\f@nch@offset@orh=\skip64
\f@nch@offset@elf=\skip65
\f@nch@offset@erf=\skip66
\f@nch@offset@olf=\skip67
\f@nch@offset@orf=\skip68
\f@nch@height=\skip69
\f@nch@footalignment=\skip70
\f@nch@widthL=\skip71
\f@nch@widthC=\skip72
\f@nch@widthR=\skip73
\@temptokenb=\toks29
)
(C:\Users\Wiem\AppData\Local\Programs\MiKTeX\tex/latex/caption\caption.sty
Package: caption 2023/08/05 v3.6o Customizing captions (AR)

(C:\Users\Wiem\AppData\Local\Programs\MiKTeX\tex/latex/caption\caption3.sty
Package: caption3 2023/07/31 v2.4d caption3 kernel (AR)
\caption@tempdima=\dimen155
\captionmargin=\dimen156
\caption@leftmargin=\dimen157
\caption@rightmargin=\dimen158
\caption@width=\dimen159
\caption@indent=\dimen160
\caption@parindent=\dimen161
\caption@hangindent=\dimen162
Package caption Info: Standard document class detected.
)
\c@caption@flags=\count281
\c@continuedfloat=\count282
)
(C:\Users\Wiem\AppData\Local\Programs\MiKTeX\tex/latex/caption\subcaption.sty
Package: subcaption 2023/07/28 v1.6b Sub-captions (AR)
Package caption Info: New subtype `subfigure' on input line 238.
\c@subfigure=\count283
Package caption Info: New subtype `subtable' on input line 238.
\c@subtable=\count284
)
(C:\Users\Wiem\AppData\Local\Programs\MiKTeX\tex/latex/hyperref\hyperref.sty
Package: hyperref 2023-11-26 v7.01g Hypertext links for LaTeX

(C:\Users\Wiem\AppData\Local\Programs\MiKTeX\tex/generic/infwarerr\infwarerr.st
y
Package: infwarerr 2019/12/03 v1.5 Providing info/warning/error messages (HO)
)
(C:\Users\Wiem\AppData\Local\Programs\MiKTeX\tex/latex/kvsetkeys\kvsetkeys.sty
Package: kvsetkeys 2022-10-05 v1.19 Key value parser (HO)
)
(C:\Users\Wiem\AppData\Local\Programs\MiKTeX\tex/generic/kvdefinekeys\kvdefinek
eys.sty
Package: kvdefinekeys 2019-12-19 v1.6 Define keys (HO)
)
(C:\Users\Wiem\AppData\Local\Programs\MiKTeX\tex/generic/pdfescape\pdfescape.st
y
Package: pdfescape 2019/12/09 v1.15 Implements pdfTeX's escape features (HO)
 (C:\Users\Wiem\AppData\Local\Programs\MiKTeX\tex/generic/ltxcmds\ltxcmds.sty
Package: ltxcmds 2023-12-04 v1.26 LaTeX kernel commands for general use (HO)
)
(C:\Users\Wiem\AppData\Local\Programs\MiKTeX\tex/generic/pdftexcmds\pdftexcmds.
sty
Package: pdftexcmds 2020-06-27 v0.33 Utility functions of pdfTeX for LuaTeX (HO
)
Package pdftexcmds Info: \pdf@primitive is available.
Package pdftexcmds Info: \pdf@ifprimitive is available.
Package pdftexcmds Info: \pdfdraftmode found.
))
(C:\Users\Wiem\AppData\Local\Programs\MiKTeX\tex/latex/hycolor\hycolor.sty
Package: hycolor 2020-01-27 v1.10 Color options for hyperref/bookmark (HO)
)
(C:\Users\Wiem\AppData\Local\Programs\MiKTeX\tex/latex/letltxmacro\letltxmacro.
sty
Package: letltxmacro 2019/12/03 v1.6 Let assignment for LaTeX macros (HO)
) (C:\Users\Wiem\AppData\Local\Programs\MiKTeX\tex/latex/auxhook\auxhook.sty
Package: auxhook 2019-12-17 v1.6 Hooks for auxiliary files (HO)
) (C:\Users\Wiem\AppData\Local\Programs\MiKTeX\tex/latex/hyperref\nameref.sty
Package: nameref 2023-11-26 v2.56 Cross-referencing by name of section

(C:\Users\Wiem\AppData\Local\Programs\MiKTeX\tex/latex/refcount\refcount.sty
Package: refcount 2019/12/15 v3.6 Data extraction from label references (HO)
)
(C:\Users\Wiem\AppData\Local\Programs\MiKTeX\tex/generic/gettitlestring\gettitl
estring.sty
Package: gettitlestring 2019/12/15 v1.6 Cleanup title references (HO)

(C:\Users\Wiem\AppData\Local\Programs\MiKTeX\tex/latex/kvoptions\kvoptions.sty
Package: kvoptions 2022-06-15 v3.15 Key value format for package options (HO)
))
\c@section@level=\count285
) (C:\Users\Wiem\AppData\Local\Programs\MiKTeX\tex/latex/etoolbox\etoolbox.sty
Package: etoolbox 2020/10/05 v2.5k e-TeX tools for LaTeX (JAW)
\etb@tempcnta=\count286
)
\@linkdim=\dimen163
\Hy@linkcounter=\count287
\Hy@pagecounter=\count288
 (C:\Users\Wiem\AppData\Local\Programs\MiKTeX\tex/latex/hyperref\pd1enc.def
File: pd1enc.def 2023-11-26 v7.01g Hyperref: PDFDocEncoding definition (HO)
Now handling font encoding PD1 ...
... no UTF-8 mapping file for font encoding PD1
)
(C:\Users\Wiem\AppData\Local\Programs\MiKTeX\tex/generic/intcalc\intcalc.sty
Package: intcalc 2019/12/15 v1.3 Expandable calculations with integers (HO)
)
\Hy@SavedSpaceFactor=\count289

(C:\Users\Wiem\AppData\Local\Programs\MiKTeX\tex/latex/hyperref\puenc.def
File: puenc.def 2023-11-26 v7.01g Hyperref: PDF Unicode definition (HO)
Now handling font encoding PU ...
... no UTF-8 mapping file for font encoding PU
)
Package hyperref Info: Hyper figures OFF on input line 4181.
Package hyperref Info: Link nesting OFF on input line 4186.
Package hyperref Info: Hyper index ON on input line 4189.
Package hyperref Info: Plain pages OFF on input line 4196.
Package hyperref Info: Backreferencing OFF on input line 4201.
Package hyperref Info: Implicit mode ON; LaTeX internals redefined.
Package hyperref Info: Bookmarks ON on input line 4448.
\c@Hy@tempcnt=\count290

(C:\Users\Wiem\AppData\Local\Programs\MiKTeX\tex/latex/url\url.sty
\Urlmuskip=\muskip16
Package: url 2013/09/16  ver 3.4  Verb mode for urls, etc.
)
LaTeX Info: Redefining \url on input line 4786.
\XeTeXLinkMargin=\dimen164

(C:\Users\Wiem\AppData\Local\Programs\MiKTeX\tex/generic/bitset\bitset.sty
Package: bitset 2019/12/09 v1.3 Handle bit-vector datatype (HO)

(C:\Users\Wiem\AppData\Local\Programs\MiKTeX\tex/generic/bigintcalc\bigintcalc.
sty
Package: bigintcalc 2019/12/15 v1.5 Expandable calculations on big integers (HO
)
))
\Fld@menulength=\count291
\Field@Width=\dimen165
\Fld@charsize=\dimen166
Package hyperref Info: Hyper figures OFF on input line 6065.
Package hyperref Info: Link nesting OFF on input line 6070.
Package hyperref Info: Hyper index ON on input line 6073.
Package hyperref Info: backreferencing OFF on input line 6080.
Package hyperref Info: Link coloring OFF on input line 6085.
Package hyperref Info: Link coloring with OCG OFF on input line 6090.
Package hyperref Info: PDF/A mode OFF on input line 6095.

(C:\Users\Wiem\AppData\Local\Programs\MiKTeX\tex/latex/base\atbegshi-ltx.sty
Package: atbegshi-ltx 2021/01/10 v1.0c Emulation of the original atbegshi
package with kernel methods
)
\Hy@abspage=\count292
\c@Item=\count293
\c@Hfootnote=\count294
)
Package hyperref Info: Driver (autodetected): hpdftex.

(C:\Users\Wiem\AppData\Local\Programs\MiKTeX\tex/latex/hyperref\hpdftex.def
File: hpdftex.def 2023-11-26 v7.01g Hyperref driver for pdfTeX

(C:\Users\Wiem\AppData\Local\Programs\MiKTeX\tex/latex/base\atveryend-ltx.sty
Package: atveryend-ltx 2020/08/19 v1.0a Emulation of the original atveryend pac
kage
with kernel methods
)
\Fld@listcount=\count295
\c@bookmark@seq@number=\count296

(C:\Users\Wiem\AppData\Local\Programs\MiKTeX\tex/latex/rerunfilecheck\rerunfile
check.sty
Package: rerunfilecheck 2025-06-21 v1.11 Rerun checks for auxiliary files (HO)

(C:\Users\Wiem\AppData\Local\Programs\MiKTeX\tex/generic/uniquecounter\uniqueco
unter.sty
Package: uniquecounter 2019/12/15 v1.4 Provide unlimited unique counter (HO)
)
Package uniquecounter Info: New unique counter `rerunfilecheck' on input line 2
84.
)
\Hy@SectionHShift=\skip74
)
(C:\Users\Wiem\AppData\Local\Programs\MiKTeX\tex/latex/needspace\needspace.sty
Package: needspace 2025/03/13 v1.3e reserve vertical space
) (C:\Users\Wiem\AppData\Local\Programs\MiKTeX\tex/latex/pdfpages\pdfpages.sty
Package: pdfpages 2025/07/23 v0.6g Insert pages of external PDF documents (AM)

(C:\Users\Wiem\AppData\Local\Programs\MiKTeX\tex/latex/base\ifthen.sty
Package: ifthen 2022/04/13 v1.1d Standard LaTeX ifthen package (DPC)
)
(C:\Users\Wiem\AppData\Local\Programs\MiKTeX\tex/latex/tools\calc.sty
Package: calc 2023/07/08 v4.3 Infix arithmetic (KKT,FJ)
\calc@Acount=\count297
\calc@Bcount=\count298
\calc@Adimen=\dimen167
\calc@Bdimen=\dimen168
\calc@Askip=\skip75
\calc@Bskip=\skip76
LaTeX Info: Redefining \setlength on input line 80.
LaTeX Info: Redefining \addtolength on input line 81.
\calc@Ccount=\count299
\calc@Cskip=\skip77
)
(C:\Users\Wiem\AppData\Local\Programs\MiKTeX\tex/latex/eso-pic\eso-pic.sty
Package: eso-pic 2025/12/10 v3.0d eso-pic (RN)
\ESO@tempdima=\dimen169
\ESO@tempdimb=\dimen170
)
(C:\Users\Wiem\AppData\Local\Programs\MiKTeX\tex/latex/graphics\graphicx.sty
Package: graphicx 2021/09/16 v1.2d Enhanced LaTeX Graphics (DPC,SPQR)

(C:\Users\Wiem\AppData\Local\Programs\MiKTeX\tex/latex/graphics\graphics.sty
Package: graphics 2022/03/10 v1.4e Standard LaTeX Graphics (DPC,SPQR)

(C:\Users\Wiem\AppData\Local\Programs\MiKTeX\tex/latex/graphics\trig.sty
Package: trig 2021/08/11 v1.11 sin cos tan (DPC)
)
(C:\Users\Wiem\AppData\Local\Programs\MiKTeX\tex/latex/graphics-cfg\graphics.cf
g
File: graphics.cfg 2016/06/04 v1.11 sample graphics configuration
)
Package graphics Info: Driver file: pdftex.def on input line 107.
)
\Gin@req@height=\dimen171
\Gin@req@width=\dimen172
)
\AM@pagewidth=\dimen173
\AM@pageheight=\dimen174
\AM@fboxrule=\dimen175

(C:\Users\Wiem\AppData\Local\Programs\MiKTeX\tex/latex/pdfpages\pppdftex.def
File: pppdftex.def 2025/07/23 v0.6g Pdfpages driver for pdfTeX (AM)
)
\pdfpages@includegraphics@status=\count300
\AM@pagebox=\box52
\AM@global@opts=\toks30
\AM@pagecnt=\count301
\AM@toc@title=\toks31
\AM@lof@heading=\toks32
\c@AM@survey=\count302
\AM@templatesizebox=\box53
)
(C:\Users\Wiem\AppData\Local\Programs\MiKTeX\tex/latex/enumitem\enumitem.sty
Package: enumitem 2025/02/06 v3.11 Customized lists
\labelindent=\skip78
\enit@outerparindent=\dimen176
\enit@toks=\toks33
\enit@inbox=\box54
\enit@count@id=\count303
\enitdp@description=\count304
)
(C:\Users\Wiem\AppData\Local\Programs\MiKTeX\tex/latex/footmisc\footmisc.sty
Package: footmisc 2025/05/09 v7.0b a miscellany of footnote facilities

(C:\Users\Wiem\AppData\Local\Programs\MiKTeX\tex/latex/footmisc\footmisc-2022-0
2-14.sty
Package: footmisc 2024/12/24 v6.0g a miscellany of footnote facilities
\FN@temptoken=\toks34
\footnotemargin=\dimen177
\@outputbox@depth=\dimen178
Package footmisc Info: Declaring symbol style bringhurst on input line 699.
Package footmisc Info: Declaring symbol style chicago on input line 707.
Package footmisc Info: Declaring symbol style wiley on input line 716.
Package footmisc Info: Declaring symbol style lamport-robust on input line 727.

Package footmisc Info: Declaring symbol style lamport* on input line 747.
Package footmisc Info: Declaring symbol style lamport*-robust on input line 768
.
))
(C:\Users\Wiem\AppData\Local\Programs\MiKTeX\tex/generic/babel\babel.sty
Package: babel 2024/01/07 v24.1 The Babel package
\babel@savecnt=\count305
\U@D=\dimen179
\l@unhyphenated=\language79

(C:\Users\Wiem\AppData\Local\Programs\MiKTeX\tex/generic/babel\txtbabel.def)
\bbl@readstream=\read2
\bbl@dirlevel=\count306

*************************************
* Local config file bblopts.cfg used
*
(C:\Users\Wiem\AppData\Local\Programs\MiKTeX\tex/latex/arabi\bblopts.cfg
File: bblopts.cfg 2005/09/08 v0.1 add Arabic and Farsi to "declared" options of
 babel
)
(C:\Users\Wiem\AppData\Local\Programs\MiKTeX\tex/generic/babel-french\french.ld
f
Language: french 2025-08-15 v4.0e French support from the babel system

(C:\Users\Wiem\AppData\Local\Programs\MiKTeX\tex/generic/babel-french\french3.l
df
Language: french 2025-08-15 v3.7e French support from the babel system
\FB@stdchar=\count307
Package babel Info: Making : an active character on input line 273.
Package babel Info: Making ; an active character on input line 274.
Package babel Info: Making ! an active character on input line 275.
Package babel Info: Making ? an active character on input line 276.
\FBguill@level=\count308
\FBold@everypar=\toks35
\FB@Mht=\dimen180
\mc@charclass=\count309
\mc@charfam=\count310
\mc@charslot=\count311
\std@mcc=\count312
\dec@mcc=\count313
\FB@pardim=\dimen181
\listindentFB=\dimen182
\descindentFB=\dimen183
\labelindentFB=\dimen184
\labelwidthFB=\dimen185
\leftmarginFB=\dimen186
\parindentFFN=\dimen187
\FBfnindent=\dimen188
)))
(C:\Users\Wiem\AppData\Local\Programs\MiKTeX\tex/generic/babel/locale/fr\babel-
french.tex
Package babel Info: Importing font and identification data for french
(babel)             from babel-fr.ini. Reported on input line 11.
)
(C:\Users\Wiem\AppData\Local\Programs\MiKTeX\tex/latex/carlisle\scalefnt.sty)
(C:\Users\Wiem\AppData\Local\Programs\MiKTeX\tex/latex/tools\varioref.sty
Package: varioref 2022/01/09 v1.6f package for extended references (FMi)
\c@vrcnt=\count314
)
(C:\Users\Wiem\AppData\Local\Programs\MiKTeX\tex/latex/acronym\acronym.sty
Package: acronym 2025/01/17 v1.50 Support for acronyms (Tobias Oetiker)

(C:\Users\Wiem\AppData\Local\Programs\MiKTeX\tex/latex/bigfoot\suffix.sty
Package: suffix 2006/07/15 1.5a Variant command support
)
(C:\Users\Wiem\AppData\Local\Programs\MiKTeX\tex/latex/xstring\xstring.sty
(C:\Users\Wiem\AppData\Local\Programs\MiKTeX\tex/generic/xstring\xstring.tex
\xs_counta=\count315
\xs_countb=\count316
)
Package: xstring 2023/08/22 v1.86 String manipulations (CT)
)
\AC@clearlist=\toks36
) (C:\Users\Wiem\AppData\Local\Programs\MiKTeX\tex/latex/base\inputenc.sty
Package: inputenc 2021/02/14 v1.3d Input encoding file
\inpenc@prehook=\toks37
\inpenc@posthook=\toks38
)
(C:\Users\Wiem\AppData\Local\Programs\MiKTeX\tex/latex/base\fontenc.sty
Package: fontenc 2021/04/29 v2.0v Standard LaTeX package
)
(C:\Users\Wiem\AppData\Local\Programs\MiKTeX\tex/latex/tcolorbox\tcolorbox.sty
Package: tcolorbox 2024/01/10 version 6.2.0 text color boxes

(C:\Users\Wiem\AppData\Local\Programs\MiKTeX\tex/latex/pgf/basiclayer\pgf.sty
(C:\Users\Wiem\AppData\Local\Programs\MiKTeX\tex/latex/pgf/utilities\pgfrcs.sty

(C:\Users\Wiem\AppData\Local\Programs\MiKTeX\tex/generic/pgf/utilities\pgfutil-
common.tex
\pgfutil@everybye=\toks39
\pgfutil@tempdima=\dimen189
\pgfutil@tempdimb=\dimen190
)
(C:\Users\Wiem\AppData\Local\Programs\MiKTeX\tex/generic/pgf/utilities\pgfutil-
latex.def
\pgfutil@abb=\box55
)
(C:\Users\Wiem\AppData\Local\Programs\MiKTeX\tex/generic/pgf/utilities\pgfrcs.c
ode.tex
(C:\Users\Wiem\AppData\Local\Programs\MiKTeX\tex/generic/pgf\pgf.revision.tex)
Package: pgfrcs 2023-01-15 v3.1.10 (3.1.10)
))
Package: pgf 2023-01-15 v3.1.10 (3.1.10)

(C:\Users\Wiem\AppData\Local\Programs\MiKTeX\tex/latex/pgf/basiclayer\pgfcore.s
ty
(C:\Users\Wiem\AppData\Local\Programs\MiKTeX\tex/latex/pgf/systemlayer\pgfsys.s
ty
(C:\Users\Wiem\AppData\Local\Programs\MiKTeX\tex/generic/pgf/systemlayer\pgfsys
.code.tex
Package: pgfsys 2023-01-15 v3.1.10 (3.1.10)

(C:\Users\Wiem\AppData\Local\Programs\MiKTeX\tex/generic/pgf/utilities\pgfkeys.
code.tex
\pgfkeys@pathtoks=\toks40
\pgfkeys@temptoks=\toks41

(C:\Users\Wiem\AppData\Local\Programs\MiKTeX\tex/generic/pgf/utilities\pgfkeysl
ibraryfiltered.code.tex
\pgfkeys@tmptoks=\toks42
))
\pgf@x=\dimen191
\pgf@y=\dimen192
\pgf@xa=\dimen193
\pgf@ya=\dimen194
\pgf@xb=\dimen195
\pgf@yb=\dimen196
\pgf@xc=\dimen197
\pgf@yc=\dimen198
\pgf@xd=\dimen199
\pgf@yd=\dimen256
\w@pgf@writea=\write3
\r@pgf@reada=\read3
\c@pgf@counta=\count317
\c@pgf@countb=\count318
\c@pgf@countc=\count319
\c@pgf@countd=\count320
\t@pgf@toka=\toks43
\t@pgf@tokb=\toks44
\t@pgf@tokc=\toks45
\pgf@sys@id@count=\count321

(C:\Users\Wiem\AppData\Local\Programs\MiKTeX\tex/generic/pgf/systemlayer\pgf.cf
g
File: pgf.cfg 2023-01-15 v3.1.10 (3.1.10)
)
Driver file for pgf: pgfsys-pdftex.def

(C:\Users\Wiem\AppData\Local\Programs\MiKTeX\tex/generic/pgf/systemlayer\pgfsys
-pdftex.def
File: pgfsys-pdftex.def 2023-01-15 v3.1.10 (3.1.10)

(C:\Users\Wiem\AppData\Local\Programs\MiKTeX\tex/generic/pgf/systemlayer\pgfsys
-common-pdf.def
File: pgfsys-common-pdf.def 2023-01-15 v3.1.10 (3.1.10)
)))
(C:\Users\Wiem\AppData\Local\Programs\MiKTeX\tex/generic/pgf/systemlayer\pgfsys
softpath.code.tex
File: pgfsyssoftpath.code.tex 2023-01-15 v3.1.10 (3.1.10)
\pgfsyssoftpath@smallbuffer@items=\count322
\pgfsyssoftpath@bigbuffer@items=\count323
)
(C:\Users\Wiem\AppData\Local\Programs\MiKTeX\tex/generic/pgf/systemlayer\pgfsys
protocol.code.tex
File: pgfsysprotocol.code.tex 2023-01-15 v3.1.10 (3.1.10)
))
(C:\Users\Wiem\AppData\Local\Programs\MiKTeX\tex/generic/pgf/basiclayer\pgfcore
.code.tex
Package: pgfcore 2023-01-15 v3.1.10 (3.1.10)

(C:\Users\Wiem\AppData\Local\Programs\MiKTeX\tex/generic/pgf/math\pgfmath.code.
tex
(C:\Users\Wiem\AppData\Local\Programs\MiKTeX\tex/generic/pgf/math\pgfmathutil.c
ode.tex)
(C:\Users\Wiem\AppData\Local\Programs\MiKTeX\tex/generic/pgf/math\pgfmathparser
.code.tex
\pgfmath@dimen=\dimen257
\pgfmath@count=\count324
\pgfmath@box=\box56
\pgfmath@toks=\toks46
\pgfmath@stack@operand=\toks47
\pgfmath@stack@operation=\toks48
)
(C:\Users\Wiem\AppData\Local\Programs\MiKTeX\tex/generic/pgf/math\pgfmathfuncti
ons.code.tex)
(C:\Users\Wiem\AppData\Local\Programs\MiKTeX\tex/generic/pgf/math\pgfmathfuncti
ons.basic.code.tex)
(C:\Users\Wiem\AppData\Local\Programs\MiKTeX\tex/generic/pgf/math\pgfmathfuncti
ons.trigonometric.code.tex)
(C:\Users\Wiem\AppData\Local\Programs\MiKTeX\tex/generic/pgf/math\pgfmathfuncti
ons.random.code.tex)
(C:\Users\Wiem\AppData\Local\Programs\MiKTeX\tex/generic/pgf/math\pgfmathfuncti
ons.comparison.code.tex)
(C:\Users\Wiem\AppData\Local\Programs\MiKTeX\tex/generic/pgf/math\pgfmathfuncti
ons.base.code.tex)
(C:\Users\Wiem\AppData\Local\Programs\MiKTeX\tex/generic/pgf/math\pgfmathfuncti
ons.round.code.tex)
(C:\Users\Wiem\AppData\Local\Programs\MiKTeX\tex/generic/pgf/math\pgfmathfuncti
ons.misc.code.tex)
(C:\Users\Wiem\AppData\Local\Programs\MiKTeX\tex/generic/pgf/math\pgfmathfuncti
ons.integerarithmetics.code.tex)
(C:\Users\Wiem\AppData\Local\Programs\MiKTeX\tex/generic/pgf/math\pgfmathcalc.c
ode.tex)
(C:\Users\Wiem\AppData\Local\Programs\MiKTeX\tex/generic/pgf/math\pgfmathfloat.
code.tex
\c@pgfmathroundto@lastzeros=\count325
))
(C:\Users\Wiem\AppData\Local\Programs\MiKTeX\tex/generic/pgf/math\pgfint.code.t
ex)
(C:\Users\Wiem\AppData\Local\Programs\MiKTeX\tex/generic/pgf/basiclayer\pgfcore
points.code.tex
File: pgfcorepoints.code.tex 2023-01-15 v3.1.10 (3.1.10)
\pgf@picminx=\dimen258
\pgf@picmaxx=\dimen259
\pgf@picminy=\dimen260
\pgf@picmaxy=\dimen261
\pgf@pathminx=\dimen262
\pgf@pathmaxx=\dimen263
\pgf@pathminy=\dimen264
\pgf@pathmaxy=\dimen265
\pgf@xx=\dimen266
\pgf@xy=\dimen267
\pgf@yx=\dimen268
\pgf@yy=\dimen269
\pgf@zx=\dimen270
\pgf@zy=\dimen271
)
(C:\Users\Wiem\AppData\Local\Programs\MiKTeX\tex/generic/pgf/basiclayer\pgfcore
pathconstruct.code.tex
File: pgfcorepathconstruct.code.tex 2023-01-15 v3.1.10 (3.1.10)
\pgf@path@lastx=\dimen272
\pgf@path@lasty=\dimen273
)
(C:\Users\Wiem\AppData\Local\Programs\MiKTeX\tex/generic/pgf/basiclayer\pgfcore
pathusage.code.tex
File: pgfcorepathusage.code.tex 2023-01-15 v3.1.10 (3.1.10)
\pgf@shorten@end@additional=\dimen274
\pgf@shorten@start@additional=\dimen275
)
(C:\Users\Wiem\AppData\Local\Programs\MiKTeX\tex/generic/pgf/basiclayer\pgfcore
scopes.code.tex
File: pgfcorescopes.code.tex 2023-01-15 v3.1.10 (3.1.10)
\pgfpic=\box57
\pgf@hbox=\box58
\pgf@layerbox@main=\box59
\pgf@picture@serial@count=\count326
)
(C:\Users\Wiem\AppData\Local\Programs\MiKTeX\tex/generic/pgf/basiclayer\pgfcore
graphicstate.code.tex
File: pgfcoregraphicstate.code.tex 2023-01-15 v3.1.10 (3.1.10)
\pgflinewidth=\dimen276
)
(C:\Users\Wiem\AppData\Local\Programs\MiKTeX\tex/generic/pgf/basiclayer\pgfcore
transformations.code.tex
File: pgfcoretransformations.code.tex 2023-01-15 v3.1.10 (3.1.10)
\pgf@pt@x=\dimen277
\pgf@pt@y=\dimen278
\pgf@pt@temp=\dimen279
)
(C:\Users\Wiem\AppData\Local\Programs\MiKTeX\tex/generic/pgf/basiclayer\pgfcore
quick.code.tex
File: pgfcorequick.code.tex 2023-01-15 v3.1.10 (3.1.10)
)
(C:\Users\Wiem\AppData\Local\Programs\MiKTeX\tex/generic/pgf/basiclayer\pgfcore
objects.code.tex
File: pgfcoreobjects.code.tex 2023-01-15 v3.1.10 (3.1.10)
)
(C:\Users\Wiem\AppData\Local\Programs\MiKTeX\tex/generic/pgf/basiclayer\pgfcore
pathprocessing.code.tex
File: pgfcorepathprocessing.code.tex 2023-01-15 v3.1.10 (3.1.10)
)
(C:\Users\Wiem\AppData\Local\Programs\MiKTeX\tex/generic/pgf/basiclayer\pgfcore
arrows.code.tex
File: pgfcorearrows.code.tex 2023-01-15 v3.1.10 (3.1.10)
\pgfarrowsep=\dimen280
)
(C:\Users\Wiem\AppData\Local\Programs\MiKTeX\tex/generic/pgf/basiclayer\pgfcore
shade.code.tex
File: pgfcoreshade.code.tex 2023-01-15 v3.1.10 (3.1.10)
\pgf@max=\dimen281
\pgf@sys@shading@range@num=\count327
\pgf@shadingcount=\count328
)
(C:\Users\Wiem\AppData\Local\Programs\MiKTeX\tex/generic/pgf/basiclayer\pgfcore
image.code.tex
File: pgfcoreimage.code.tex 2023-01-15 v3.1.10 (3.1.10)
)
(C:\Users\Wiem\AppData\Local\Programs\MiKTeX\tex/generic/pgf/basiclayer\pgfcore
external.code.tex
File: pgfcoreexternal.code.tex 2023-01-15 v3.1.10 (3.1.10)
\pgfexternal@startupbox=\box60
)
(C:\Users\Wiem\AppData\Local\Programs\MiKTeX\tex/generic/pgf/basiclayer\pgfcore
layers.code.tex
File: pgfcorelayers.code.tex 2023-01-15 v3.1.10 (3.1.10)
)
(C:\Users\Wiem\AppData\Local\Programs\MiKTeX\tex/generic/pgf/basiclayer\pgfcore
transparency.code.tex
File: pgfcoretransparency.code.tex 2023-01-15 v3.1.10 (3.1.10)
)
(C:\Users\Wiem\AppData\Local\Programs\MiKTeX\tex/generic/pgf/basiclayer\pgfcore
patterns.code.tex
File: pgfcorepatterns.code.tex 2023-01-15 v3.1.10 (3.1.10)
)
(C:\Users\Wiem\AppData\Local\Programs\MiKTeX\tex/generic/pgf/basiclayer\pgfcore
rdf.code.tex
File: pgfcorerdf.code.tex 2023-01-15 v3.1.10 (3.1.10)
)))
(C:\Users\Wiem\AppData\Local\Programs\MiKTeX\tex/generic/pgf/modules\pgfmodules
hapes.code.tex
File: pgfmoduleshapes.code.tex 2023-01-15 v3.1.10 (3.1.10)
\pgfnodeparttextbox=\box61
)
(C:\Users\Wiem\AppData\Local\Programs\MiKTeX\tex/generic/pgf/modules\pgfmodulep
lot.code.tex
File: pgfmoduleplot.code.tex 2023-01-15 v3.1.10 (3.1.10)
)
(C:\Users\Wiem\AppData\Local\Programs\MiKTeX\tex/latex/pgf/compatibility\pgfcom
p-version-0-65.sty
Package: pgfcomp-version-0-65 2023-01-15 v3.1.10 (3.1.10)
\pgf@nodesepstart=\dimen282
\pgf@nodesepend=\dimen283
)
(C:\Users\Wiem\AppData\Local\Programs\MiKTeX\tex/latex/pgf/compatibility\pgfcom
p-version-1-18.sty
Package: pgfcomp-version-1-18 2023-01-15 v3.1.10 (3.1.10)
))
(C:\Users\Wiem\AppData\Local\Programs\MiKTeX\tex/latex/tools\verbatim.sty
Package: verbatim 2023-11-06 v1.5v LaTeX2e package for verbatim enhancements
\every@verbatim=\toks49
\verbatim@line=\toks50
\verbatim@in@stream=\read4
)
\tcb@titlebox=\box62
\tcb@upperbox=\box63
\tcb@lowerbox=\box64
\tcb@phantombox=\box65
\c@tcbbreakpart=\count329
\c@tcblayer=\count330
\c@tcolorbox@number=\count331
\l__tcobox_tmpa_box=\box66
\l__tcobox_tmpa_dim=\dimen284
\tcb@temp=\box67
\tcb@temp=\box68
\tcb@temp=\box69
\tcb@temp=\box70

(C:\Users\Wiem\AppData\Local\Programs\MiKTeX\tex/latex/tcolorbox\tcbskins.code.
tex
Library (tcolorbox): 'tcbskins.code.tex' version '6.2.0'

(C:\Users\Wiem\AppData\Local\Programs\MiKTeX\tex/latex/pgf/frontendlayer\tikz.s
ty
(C:\Users\Wiem\AppData\Local\Programs\MiKTeX\tex/latex/pgf/utilities\pgffor.sty

(C:\Users\Wiem\AppData\Local\Programs\MiKTeX\tex/latex/pgf/utilities\pgfkeys.st
y
(C:\Users\Wiem\AppData\Local\Programs\MiKTeX\tex/generic/pgf/utilities\pgfkeys.
code.tex))
(C:\Users\Wiem\AppData\Local\Programs\MiKTeX\tex/latex/pgf/math\pgfmath.sty
(C:\Users\Wiem\AppData\Local\Programs\MiKTeX\tex/generic/pgf/math\pgfmath.code.
tex))
(C:\Users\Wiem\AppData\Local\Programs\MiKTeX\tex/generic/pgf/utilities\pgffor.c
ode.tex
Package: pgffor 2023-01-15 v3.1.10 (3.1.10)
\pgffor@iter=\dimen285
\pgffor@skip=\dimen286
\pgffor@stack=\toks51
\pgffor@toks=\toks52
))
(C:\Users\Wiem\AppData\Local\Programs\MiKTeX\tex/generic/pgf/frontendlayer/tikz
\tikz.code.tex
Package: tikz 2023-01-15 v3.1.10 (3.1.10)

(C:\Users\Wiem\AppData\Local\Programs\MiKTeX\tex/generic/pgf/libraries\pgflibra
ryplothandlers.code.tex
File: pgflibraryplothandlers.code.tex 2023-01-15 v3.1.10 (3.1.10)
\pgf@plot@mark@count=\count332
\pgfplotmarksize=\dimen287
)
\tikz@lastx=\dimen288
\tikz@lasty=\dimen289
\tikz@lastxsaved=\dimen290
\tikz@lastysaved=\dimen291
\tikz@lastmovetox=\dimen292
\tikz@lastmovetoy=\dimen293
\tikzleveldistance=\dimen294
\tikzsiblingdistance=\dimen295
\tikz@figbox=\box71
\tikz@figbox@bg=\box72
\tikz@tempbox=\box73
\tikz@tempbox@bg=\box74
\tikztreelevel=\count333
\tikznumberofchildren=\count334
\tikznumberofcurrentchild=\count335
\tikz@fig@count=\count336

(C:\Users\Wiem\AppData\Local\Programs\MiKTeX\tex/generic/pgf/modules\pgfmodulem
atrix.code.tex
File: pgfmodulematrix.code.tex 2023-01-15 v3.1.10 (3.1.10)
\pgfmatrixcurrentrow=\count337
\pgfmatrixcurrentcolumn=\count338
\pgf@matrix@numberofcolumns=\count339
)
\tikz@expandcount=\count340

(C:\Users\Wiem\AppData\Local\Programs\MiKTeX\tex/generic/pgf/frontendlayer/tikz
/libraries\tikzlibrarytopaths.code.tex
File: tikzlibrarytopaths.code.tex 2023-01-15 v3.1.10 (3.1.10)
)))
(C:\Users\Wiem\AppData\Local\Programs\MiKTeX\tex/latex/tikzfill\tikzfill.image.
sty
Package: tikzfill.image 2023/08/08 v1.0.1 Image filling library for TikZ

(C:\Users\Wiem\AppData\Local\Programs\MiKTeX\tex/latex/tikzfill\tikzfill-common
.sty
Package: tikzfill-common 2023/08/08 v1.0.1 Auxiliary code for tikzfill
)
(C:\Users\Wiem\AppData\Local\Programs\MiKTeX\tex/latex/tikzfill\tikzlibraryfill
.image.code.tex
File: tikzlibraryfill.image.code.tex 2023/08/08 v1.0.1 Image filling library
\l__tikzfill_img_box=\box75
))
(C:\Users\Wiem\AppData\Local\Programs\MiKTeX\tex/latex/tcolorbox\tcbskinsjigsaw
.code.tex
Library (tcolorbox): 'tcbskinsjigsaw.code.tex' version '6.2.0'
)))
(C:\Users\Wiem\AppData\Local\Programs\MiKTeX\tex/latex/adjustbox\adjustbox.sty
Package: adjustbox 2025/02/26 v1.3c Adjusting TeX boxes (trim, clip, ...)

(C:\Users\Wiem\AppData\Local\Programs\MiKTeX\tex/latex/xkeyval\xkeyval.sty
Package: xkeyval 2022/06/16 v2.9 package option processing (HA)

(C:\Users\Wiem\AppData\Local\Programs\MiKTeX\tex/generic/xkeyval\xkeyval.tex
(C:\Users\Wiem\AppData\Local\Programs\MiKTeX\tex/generic/xkeyval\xkvutils.tex
\XKV@toks=\toks53
\XKV@tempa@toks=\toks54
)
\XKV@depth=\count341
File: xkeyval.tex 2014/12/03 v2.7a key=value parser (HA)
)) (C:\Users\Wiem\AppData\Local\Programs\MiKTeX\tex/latex/adjustbox\adjcalc.sty
Package: adjcalc 2012/05/16 v1.1 Provides advanced setlength with multiple back
-ends (calc, etex, pgfmath)
) (C:\Users\Wiem\AppData\Local\Programs\MiKTeX\tex/latex/adjustbox\trimclip.sty
Package: trimclip 2025/02/21 v1.2a Trim and clip general TeX material

(C:\Users\Wiem\AppData\Local\Programs\MiKTeX\tex/latex/collectbox\collectbox.st
y
Package: collectbox 2022/10/17 v0.4c Collect macro arguments as boxes
\collectedbox=\box76
)
\tc@llx=\dimen296
\tc@lly=\dimen297
\tc@urx=\dimen298
\tc@ury=\dimen299
Package trimclip Info: Using driver 'tc-pdftex.def'.

(C:\Users\Wiem\AppData\Local\Programs\MiKTeX\tex/latex/adjustbox\tc-pdftex.def
File: tc-pdftex.def 2025/02/26 v2.3 Clipping driver for pdftex
))
\adjbox@Width=\dimen300
\adjbox@Height=\dimen301
\adjbox@Depth=\dimen302
\adjbox@Totalheight=\dimen303
\adjbox@pwidth=\dimen304
\adjbox@pheight=\dimen305
\adjbox@pdepth=\dimen306
\adjbox@ptotalheight=\dimen307

(C:\Users\Wiem\AppData\Local\Programs\MiKTeX\tex/latex/ifoddpage\ifoddpage.sty
Package: ifoddpage 2022/10/18 v1.2 Conditionals for odd/even page detection
\c@checkoddpage=\count342
) (C:\Users\Wiem\AppData\Local\Programs\MiKTeX\tex/latex/varwidth\varwidth.sty
Package: varwidth 2009/03/30 ver 0.92;  Variable-width minipages
\@vwid@box=\box77
\sift@deathcycles=\count343
\@vwid@loff=\dimen308
\@vwid@roff=\dimen309
)) (C:\Users\Wiem\AppData\Local\Programs\MiKTeX\tex/latex/setspace\setspace.sty
Package: setspace 2022/12/04 v6.7b set line spacing
)
(C:\Users\Wiem\AppData\Local\Programs\MiKTeX\tex/latex/minted\minted.sty
Package: minted 2025/05/14 v3.7.0 Yet another Pygments shim for LaTeX

(C:\Users\Wiem\AppData\Local\Programs\MiKTeX\tex/generic/catchfile\catchfile.st
y
Package: catchfile 2019/12/09 v1.8 Catch the contents of a file (HO)

(C:\Users\Wiem\AppData\Local\Programs\MiKTeX\tex/generic/etexcmds\etexcmds.sty
Package: etexcmds 2019/12/15 v1.7 Avoid name clashes with e-TeX commands (HO)
)) (C:\Users\Wiem\AppData\Local\Programs\MiKTeX\tex/latex/fvextra\fvextra.sty
Package: fvextra 2025/05/29 v1.13.2 fvextra - extensions and patches for fancyv
rb

(C:\Users\Wiem\AppData\Local\Programs\MiKTeX\tex/latex/fancyvrb\fancyvrb.sty
Package: fancyvrb 2025/07/28 4.6 verbatim text (tvz,hv)
\FV@CodeLineNo=\count344
\FV@InFile=\read5
\FV@TabBox=\box78
\c@FancyVerbLine=\count345
\FV@StepNumber=\count346
\FV@OutFile=\write4
)
(C:\Users\Wiem\AppData\Local\Programs\MiKTeX\tex/latex/upquote\upquote.sty
Package: upquote 2012/04/19 v1.3 upright-quote and grave-accent glyphs in verba
tim

(C:\Users\Wiem\AppData\Local\Programs\MiKTeX\tex/latex/base\textcomp.sty
Package: textcomp 2020/02/02 v2.0n Standard LaTeX package
))
(C:\Users\Wiem\AppData\Local\Programs\MiKTeX\tex/latex/lineno\lineno.sty
Package: lineno 2025/05/13 line numbers on paragraphs v5.5
\linenopenalty=\count347
\output=\toks55
\linenoprevgraf=\count348
\linenumbersep=\dimen310
\linenumberwidth=\dimen311
\c@linenumber=\count349
\c@pagewiselinenumber=\count350
\c@LN@truepage=\count351
\c@internallinenumber=\count352
\c@internallinenumbers=\count353
\quotelinenumbersep=\dimen312
\bframerule=\dimen313
\bframesep=\dimen314
\bframebox=\box79
)
\c@FancyVerbWriteLine=\count354
\c@FancyVerbBufferLine=\count355
\c@FV@TrueTabGroupLevel=\count356
\c@FV@TrueTabCounter=\count357
\FV@TabBox@Group=\box80
\FV@bgcolorstructbox=\box81
\FV@TmpLength=\skip79
\c@FV@HighlightLinesStart=\count358
\c@FV@HighlightLinesStop=\count359
\FV@LoopCount=\count360
\FV@NCharsBox=\box82
\FV@BreakIndent=\dimen315
\FV@BreakIndentNChars=\count361
\FV@BreakSymbolSepLeft=\dimen316
\FV@BreakSymbolSepLeftNChars=\count362
\FV@BreakSymbolSepRight=\dimen317
\FV@BreakSymbolSepRightNChars=\count363
\FV@BreakSymbolIndentLeft=\dimen318
\FV@BreakSymbolIndentLeftNChars=\count364
\FV@BreakSymbolIndentRight=\dimen319
\FV@BreakSymbolIndentRightNChars=\count365
\c@FancyVerbLineBreakLast=\count366
\FV@LineBox=\box83
\FV@LineIndentBox=\box84
\c@FV@BreakBufferDepth=\count367
\FV@LineWidth=\dimen320
)
(C:\Users\Wiem\AppData\Local\Programs\MiKTeX\tex/latex/latex2pydata\latex2pydat
a.sty
Package: latex2pydata 2025/03/26 v0.6.0 latex2pydata - write data to file in Py
thon literal format
)
(C:\Users\Wiem\AppData\Local\Programs\MiKTeX\tex/latex/pgfopts\pgfopts.sty
Package: pgfopts 2014/07/10 v2.1a LaTeX package options with pgfkeys
\pgfopts@list@add@a@toks=\toks56
\pgfopts@list@add@b@toks=\toks57
)
(C:\Users\Wiem\AppData\Local\Programs\MiKTeX\tex/latex/tools\shellesc.sty
Package: shellesc 2023/07/08 v1.0d unified shell escape interface for LaTeX
Package shellesc Info: Restricted shell escape enabled on input line 77.
)
(C:\Users\Wiem\AppData\Local\Programs\MiKTeX\tex/latex/float\float.sty
Package: float 2001/11/08 v1.3d Float enhancements (AL)
\c@float@type=\count368
\float@exts=\toks58
\float@box=\box85
\@float@everytoks=\toks59
\@floatcapt=\box86
)
\c@minted@FancyVerbLineTemp=\count369
\@float@every@listing=\toks60
\c@listing=\count370
)
(C:\Users\Wiem\AppData\Local\Programs\MiKTeX\tex/latex/tools\array.sty
Package: array 2023/10/16 v2.5g Tabular extension package (FMi)
\col@sep=\dimen321
\ar@mcellbox=\box87
\extrarowheight=\dimen322
\NC@list=\toks61
\extratabsurround=\skip80
\backup@length=\skip81
\ar@cellbox=\box88
)
(C:\Users\Wiem\AppData\Local\Programs\MiKTeX\tex/latex/colortbl\colortbl.sty
Package: colortbl 2024/10/29 v1.0k Color table columns (DPC)
\everycr=\toks62
\minrowclearance=\skip82
\rownum=\count371
)
(C:\Users\Wiem\AppData\Local\Programs\MiKTeX\tex/latex/tools\tabularx.sty
Package: tabularx 2023/07/08 v2.11c `tabularx' package (DPC)
\TX@col@width=\dimen323
\TX@old@table=\dimen324
\TX@old@col=\dimen325
\TX@target=\dimen326
\TX@delta=\dimen327
\TX@cols=\count372
\TX@ftn=\toks63
)
(C:\Users\Wiem\AppData\Local\Programs\MiKTeX\tex/latex/ctable\ctable.sty
Package: ctable 2025/10/22 v1.33 package for flexible key/value driven typesett
ing of floats

(C:\Users\Wiem\AppData\Local\Programs\MiKTeX\tex/generic/iftex\ifpdf.sty
Package: ifpdf 2019/10/25 v3.4 ifpdf legacy package. Use iftex instead.
)
(C:\Users\Wiem\AppData\Local\Programs\MiKTeX\tex/latex/booktabs\booktabs.sty
Package: booktabs 2020/01/12 v1.61803398 Publication quality tables
\heavyrulewidth=\dimen328
\lightrulewidth=\dimen329
\cmidrulewidth=\dimen330
\belowrulesep=\dimen331
\belowbottomsep=\dimen332
\aboverulesep=\dimen333
\abovetopsep=\dimen334
\cmidrulesep=\dimen335
\cmidrulekern=\dimen336
\defaultaddspace=\dimen337
\@cmidla=\count373
\@cmidlb=\count374
\@aboverulesep=\dimen338
\@belowrulesep=\dimen339
\@thisruleclass=\count375
\@lastruleclass=\count376
\@thisrulewidth=\dimen340
)
(C:\Users\Wiem\AppData\Local\Programs\MiKTeX\tex/latex/graphics\rotating.sty
Package: rotating 2016/08/11 v2.16d rotated objects in LaTeX
\c@r@tfl@t=\count377
\rotFPtop=\skip83
\rotFPbot=\skip84
\rot@float@box=\box89
\rot@mess@toks=\toks64
)
\@CTframesep=\dimen341
\@dfltCTframesep=\dimen342
\@CTframerule=\dimen343
\@dfltCTframerule=\dimen344
\@CTwidth=\dimen345
\@dfltCTwidth=\dimen346
\@CTcaptionskip=\dimen347
\@dfltCTcaptionskip=\dimen348
\@CTmaxwidth=\dimen349
\@dfltCTmaxwidth=\dimen350
\@CTmincapwidth=\dimen351
\@dfltCTmincapwidth=\dimen352
\@CTfooterwidth=\dimen353
\@dfltCTfooterwidth=\dimen354
\@CTw=\dimen355
\@CTfloatwidth=\dimen356
\@CToldsep=\dimen357
\@CToldrule=\dimen358
\CT@t=\box90
\@CTcurftwidth=\dimen359
)
(C:\Users\Wiem\AppData\Local\Programs\MiKTeX\tex/latex/multirow\multirow.sty
Package: multirow 2024/11/12 v2.9 Span multiple rows of a table
\multirow@colwidth=\skip85
\multirow@cntb=\count378
\multirow@dima=\skip86
\bigstrutjot=\dimen360
)
(C:\Users\Wiem\AppData\Local\Programs\MiKTeX\tex/latex/seqsplit\seqsplit.sty
Package: seqsplit 2006/08/07 v0.1 Splitting long sequences (DNA, RNA, proteins,
 etc.) 
)
(C:\Users\Wiem\AppData\Local\Programs\MiKTeX\tex/latex/base\fontenc.sty
Package: fontenc 2021/04/29 v2.0v Standard LaTeX package
)
(C:\Users\Wiem\AppData\Local\Programs\MiKTeX\tex/latex/wrapfig\wrapfig.sty
\wrapoverhang=\dimen361
\WF@size=\dimen362
\c@WF@wrappedlines=\count379
\WF@box=\box91
\WF@everypar=\toks65
Package: wrapfig 2003/01/31  v 3.6
)
(C:\Users\Wiem\AppData\Local\Programs\MiKTeX\tex/latex/nowidow\nowidow.sty
Package: nowidow 2011/09/20 1.0 Easily prevent widows and orphans
Package: nowidow 
)
(C:\Users\Wiem\AppData\Local\Programs\MiKTeX\tex/latex/appendix\appendix.sty
Package: appendix 2020/02/08 v1.2c extra appendix facilities
\c@@pps=\count380
\c@@ppsavesec=\count381
\c@@ppsaveapp=\count382
)
\BoxWd=\skip87
\Aux=\skip88
)
(C:\Users\Wiem\AppData\Local\Programs\MiKTeX\tex/latex/amsmath\amsmath.sty
Package: amsmath 2023/05/13 v2.17o AMS math features
\@mathmargin=\skip89

For additional information on amsmath, use the `?' option.
(C:\Users\Wiem\AppData\Local\Programs\MiKTeX\tex/latex/amsmath\amstext.sty
Package: amstext 2021/08/26 v2.01 AMS text

(C:\Users\Wiem\AppData\Local\Programs\MiKTeX\tex/latex/amsmath\amsgen.sty
File: amsgen.sty 1999/11/30 v2.0 generic functions
\@emptytoks=\toks66
\ex@=\dimen363
))
(C:\Users\Wiem\AppData\Local\Programs\MiKTeX\tex/latex/amsmath\amsbsy.sty
Package: amsbsy 1999/11/29 v1.2d Bold Symbols
\pmbraise@=\dimen364
)
(C:\Users\Wiem\AppData\Local\Programs\MiKTeX\tex/latex/amsmath\amsopn.sty
Package: amsopn 2022/04/08 v2.04 operator names
)
\inf@bad=\count383
LaTeX Info: Redefining \frac on input line 234.
\uproot@=\count384
\leftroot@=\count385
LaTeX Info: Redefining \overline on input line 399.
LaTeX Info: Redefining \colon on input line 410.
\classnum@=\count386
\DOTSCASE@=\count387
LaTeX Info: Redefining \ldots on input line 496.
LaTeX Info: Redefining \dots on input line 499.
LaTeX Info: Redefining \cdots on input line 620.
\Mathstrutbox@=\box92
\strutbox@=\box93
LaTeX Info: Redefining \big on input line 722.
LaTeX Info: Redefining \Big on input line 723.
LaTeX Info: Redefining \bigg on input line 724.
LaTeX Info: Redefining \Bigg on input line 725.
\big@size=\dimen365
LaTeX Font Info:    Redeclaring font encoding OML on input line 743.
LaTeX Font Info:    Redeclaring font encoding OMS on input line 744.
\macc@depth=\count388
LaTeX Info: Redefining \bmod on input line 905.
LaTeX Info: Redefining \pmod on input line 910.
LaTeX Info: Redefining \smash on input line 940.
LaTeX Info: Redefining \relbar on input line 970.
LaTeX Info: Redefining \Relbar on input line 971.
\c@MaxMatrixCols=\count389
\dotsspace@=\muskip17
\c@parentequation=\count390
\dspbrk@lvl=\count391
\tag@help=\toks67
\row@=\count392
\column@=\count393
\maxfields@=\count394
\andhelp@=\toks68
\eqnshift@=\dimen366
\alignsep@=\dimen367
\tagshift@=\dimen368
\tagwidth@=\dimen369
\totwidth@=\dimen370
\lineht@=\dimen371
\@envbody=\toks69
\multlinegap=\skip90
\multlinetaggap=\skip91
\mathdisplay@stack=\toks70
LaTeX Info: Redefining \[ on input line 2953.
LaTeX Info: Redefining \] on input line 2954.
)
\@LN@amsmath@ams@eqpen=\count395

(styles/custom.sty
Package: custom 2026/05/06 Custom commands
)
(C:\Users\Wiem\AppData\Local\Programs\MiKTeX\tex/latex/base\fontenc.sty
Package: fontenc 2021/04/29 v2.0v Standard LaTeX package
LaTeX Font Info:    Trying to load font information for T1+ptm on input line 11
2.

(C:\Users\Wiem\AppData\Local\Programs\MiKTeX\tex/latex/psnfss\t1ptm.fd
File: t1ptm.fd 2001/06/04 font definitions for T1/ptm.
))
(C:\Users\Wiem\AppData\Local\Programs\MiKTeX\tex/latex/microtype\microtype.sty
Package: microtype 2026/03/01 v3.2d Micro-typographical refinements (RS)
\MT@toks=\toks71
\MT@tempbox=\box94
\MT@count=\count396
LaTeX Info: Redefining \noprotrusionifhmode on input line 1084.
LaTeX Info: Redefining \leftprotrusion on input line 1085.
\MT@prot@toks=\toks72
LaTeX Info: Redefining \rightprotrusion on input line 1104.
LaTeX Info: Redefining \textls on input line 1449.
\MT@outer@kern=\dimen372
LaTeX Info: Redefining \microtypecontext on input line 2053.
LaTeX Info: Redefining \textmicrotypecontext on input line 2070.
\MT@listname@count=\count397

(C:\Users\Wiem\AppData\Local\Programs\MiKTeX\tex/latex/microtype\microtype-pdft
ex.def
File: microtype-pdftex.def 2026/03/01 v3.2d Definitions specific to pdftex (RS)

LaTeX Info: Redefining \lsstyle on input line 944.
LaTeX Info: Redefining \lslig on input line 944.
\MT@outer@space=\skip92
)
Package microtype Info: Loading configuration file microtype.cfg.

(C:\Users\Wiem\AppData\Local\Programs\MiKTeX\tex/latex/microtype\microtype.cfg
File: microtype.cfg 2026/03/01 v3.2d microtype main configuration file (RS)
)
LaTeX Info: Redefining \microtypesetup on input line 3065.
) (C:\Users\Wiem\AppData\Local\Programs\MiKTeX\tex/latex/psnfss\pifont.sty
Package: pifont 2020/03/25 PSNFSS-v9.3 Pi font support (SPQR) 
LaTeX Font Info:    Trying to load font information for U+pzd on input line 63.


(C:\Users\Wiem\AppData\Local\Programs\MiKTeX\tex/latex/psnfss\upzd.fd
File: upzd.fd 2001/06/04 font definitions for U/pzd.
)
LaTeX Font Info:    Trying to load font information for U+psy on input line 64.


(C:\Users\Wiem\AppData\Local\Programs\MiKTeX\tex/latex/psnfss\upsy.fd
File: upsy.fd 2001/06/04 font definitions for U/psy.
))
Package french3.ldf Info: Setting StandardItemizeEnv=true for
(french3.ldf)             compatibility with enumitem package,
(french3.ldf)             reported on input line 15.
Package french3.ldf Info: Setting StandardEnumerateEnv=true for
(french3.ldf)             compatibility with enumitem package,
(french3.ldf)             reported on input line 15.

(C:\Users\Wiem\AppData\Local\Programs\MiKTeX\tex/latex/l3backend\l3backend-pdft
ex.def
File: l3backend-pdftex.def 2024-01-04 L3 backend support: PDF output (pdfTeX)
\l__color_backend_stack_int=\count398
\l__pdf_internal_box=\box95
) (main.aux (chapters/05-Chapitre1.aux) (chapters/06-Chapitre2.aux)
(chapters/07-chapitre3.aux) (chapters/08-Chapitre4.aux)
(chapters/09-Chapitre5.aux) (chapters/12-Chapitre6.aux)
(chapters/13-Chapitre7.aux))
\openout1 = `main.aux'.

LaTeX Font Info:    Checking defaults for OML/cmm/m/it on input line 15.
LaTeX Font Info:    ... okay on input line 15.
LaTeX Font Info:    Checking defaults for OMS/cmsy/m/n on input line 15.
LaTeX Font Info:    ... okay on input line 15.
LaTeX Font Info:    Checking defaults for OT1/cmr/m/n on input line 15.
LaTeX Font Info:    ... okay on input line 15.
LaTeX Font Info:    Checking defaults for T1/cmr/m/n on input line 15.
LaTeX Font Info:    ... okay on input line 15.
LaTeX Font Info:    Checking defaults for TS1/cmr/m/n on input line 15.
LaTeX Font Info:    ... okay on input line 15.
LaTeX Font Info:    Checking defaults for OMX/cmex/m/n on input line 15.
LaTeX Font Info:    ... okay on input line 15.
LaTeX Font Info:    Checking defaults for U/cmr/m/n on input line 15.
LaTeX Font Info:    ... okay on input line 15.
LaTeX Font Info:    Checking defaults for PD1/pdf/m/n on input line 15.
LaTeX Font Info:    ... okay on input line 15.
LaTeX Font Info:    Checking defaults for PU/pdf/m/n on input line 15.
LaTeX Font Info:    ... okay on input line 15.

*geometry* driver: auto-detecting
*geometry* detected driver: pdftex
*geometry* verbose mode - [ preamble ] result:
* driver: pdftex
* paper: a4paper
* layout: <same size as paper>
* layoutoffset:(h,v)=(0.0pt,0.0pt)
* modes: 
* h-part:(L,W,R)=(71.13188pt, 455.24411pt, 71.13188pt)
* v-part:(T,H,B)=(71.13188pt, 702.78308pt, 71.13188pt)
* \paperwidth=597.50787pt
* \paperheight=845.04684pt
* \textwidth=455.24411pt
* \textheight=702.78308pt
* \oddsidemargin=-1.1381pt
* \evensidemargin=-1.1381pt
* \topmargin=-38.1381pt
* \headheight=12.0pt
* \headsep=25.0pt
* \topskip=12.0pt
* \footskip=30.0pt
* \marginparwidth=35.0pt
* \marginparsep=10.0pt
* \columnsep=10.0pt
* \skip\footins=10.8pt plus 4.0pt minus 2.0pt
* \hoffset=0.0pt
* \voffset=0.0pt
* \mag=1000
* \@twocolumnfalse
* \@twosidefalse
* \@mparswitchfalse
* \@reversemarginfalse
* (1in=72.27pt=25.4mm, 1cm=28.453pt)


(C:\Users\Wiem\AppData\Local\Programs\MiKTeX\tex/context/base/mkii\supp-pdf.mki
i
[Loading MPS to PDF converter (version 2006.09.02).]
\scratchcounter=\count399
\scratchdimen=\dimen373
\scratchbox=\box96
\nofMPsegments=\count400
\nofMParguments=\count401
\everyMPshowfont=\toks73
\MPscratchCnt=\count402
\MPscratchDim=\dimen374
\MPnumerator=\count403
\makeMPintoPDFobject=\count404
\everyMPtoPDFconversion=\toks74
)
(C:\Users\Wiem\AppData\Local\Programs\MiKTeX\tex/latex/epstopdf-pkg\epstopdf-ba
se.sty
Package: epstopdf-base 2020-01-24 v2.11 Base part for package epstopdf
Package epstopdf-base Info: Redefining graphics rule for `.eps' on input line 4
85.

(C:\Users\Wiem\AppData\Local\Programs\MiKTeX\tex/latex/00miktex\epstopdf-sys.cf
g
File: epstopdf-sys.cfg 2021/03/18 v2.0 Configuration of epstopdf for MiKTeX
))
Package caption Info: Begin \AtBeginDocument code.
Package caption Info: french babel package is loaded.
Package caption Info: float package is loaded.
Package caption Info: hyperref package is loaded.
Package caption Info: rotating package is loaded.
Package caption Info: wrapfig package is loaded.
Package caption Info: End \AtBeginDocument code.
Package hyperref Info: Link coloring OFF on input line 15.
 (main.out) (main.out)
\@outlinefile=\write5
\openout5 = `main.out'.


(C:\Users\Wiem\AppData\Local\Programs\MiKTeX\tex/latex/pdflscape\pdflscape.sty
Package: pdflscape 2022-10-27 v0.13 Display of landscape pages in PDF

(C:\Users\Wiem\AppData\Local\Programs\MiKTeX\tex/latex/pdflscape\pdflscape-nome
tadata.sty
Package: pdflscape-nometadata 2022-10-28 v0.13 Display of landscape pages in PD
F (HO)

(C:\Users\Wiem\AppData\Local\Programs\MiKTeX\tex/latex/graphics\lscape.sty
Package: lscape 2020/05/28 v3.02 Landscape Pages (DPC)
)
Package pdflscape Info: Auto-detected driver: pdftex on input line 81.
))
LaTeX Info: Redefining \degres on input line 15.
Package microtype Info: Patching varwidth to enable character protrusion.
\MT@vwid@leftmargin=\dimen375
\MT@vwid@rightmargin=\dimen376
LaTeX Info: Redefining \microtypecontext on input line 15.
Package microtype Info: Applying patch `item' on input line 15.
Package microtype Info: Applying patch `toc' on input line 15.
Package microtype Info: Applying patch `eqnum' on input line 15.
Package microtype Info: Applying patch `verbatim' on input line 15.
LaTeX Info: Redefining \microtypesetup on input line 15.
Package microtype Info: Generating PDF output.
Package microtype Info: Character protrusion enabled (level 2).
Package microtype Info: Using default protrusion set `alltext'.
Package microtype Info: No font expansion.
Package microtype Info: No adjustment of tracking.
Package microtype Info: No adjustment of interword spacing.
Package microtype Info: No adjustment of character kerning.

(C:\Users\Wiem\AppData\Local\Programs\MiKTeX\tex/latex/microtype\mt-ptm.cfg
File: mt-ptm.cfg 2006/04/20 v1.7 microtype config. file: Times (RS)
)
(chapters/00-PageDeGarde.tex (chapters/titlepage.tex
*geometry* verbose mode - [ newgeometry ] result:
* driver: pdftex
* paper: a4paper
* layout: <same size as paper>
* layoutoffset:(h,v)=(0.0pt,0.0pt)
* modes: 
* h-part:(L,W,R)=(0.0pt, 597.50787pt, 0.0pt)
* v-part:(T,H,B)=(0.0pt, 845.04684pt, 0.0pt)
* \paperwidth=597.50787pt
* \paperheight=845.04684pt
* \textwidth=597.50787pt
* \textheight=845.04684pt
* \oddsidemargin=-72.26999pt
* \evensidemargin=-72.26999pt
* \topmargin=-109.26999pt
* \headheight=12.0pt
* \headsep=25.0pt
* \topskip=12.0pt
* \footskip=30.0pt
* \marginparwidth=35.0pt
* \marginparsep=10.0pt
* \columnsep=10.0pt
* \skip\footins=10.8pt plus 4.0pt minus 2.0pt
* \hoffset=0.0pt
* \voffset=0.0pt
* \mag=1000
* \@twocolumnfalse
* \@twosidefalse
* \@mparswitchfalse
* \@reversemarginfalse
* (1in=72.27pt=25.4mm, 1cm=28.453pt)


(C:\Users\Wiem\AppData\Local\Programs\MiKTeX\tex/latex/microtype\mt-cmr.cfg
File: mt-cmr.cfg 2013/05/19 v2.2 microtype config. file: Computer Modern Roman 
(RS)
)
<images/logo_isims.jpeg, id=894, 1493.58pt x 716.6775pt>
File: images/logo_isims.jpeg Graphic file (type jpg)
<use images/logo_isims.jpeg>
Package pdftex.def Info: images/logo_isims.jpeg  used on input line 42.
(pdftex.def)             Requested size: 142.25621pt x 99.5796pt.

Overfull \hbox (14.21751pt too wide) in paragraph at lines 42--43
 [] 
 []


Underfull \hbox (badness 10000) in paragraph at lines 106--110
\T1/ptm/b/n/11 Exa-mi-na-teur : \T1/ptm/m/n/11 M./Mme \T1/ptm/m/it/11 Pré-nom
 []

<images/logo_mobelite.jpeg, id=895, 299.1175pt x 87.32625pt>
File: images/logo_mobelite.jpeg Graphic file (type jpg)
<use images/logo_mobelite.jpeg>
Package pdftex.def Info: images/logo_mobelite.jpeg  used on input line 139.
(pdftex.def)             Requested size: 142.26378pt x 41.53369pt.
[1


{C:/Users/Wiem/AppData/Local/MiKTeX/fonts/map/pdftex/pdftex.map}{C:/Users/Wiem/
AppData/Local/Programs/MiKTeX/fonts/enc/dvips/base/8r.enc} <./images/logo_isims
.jpeg> <./images/logo_mobelite.jpeg>])) (chapters/01-Dedication.tex
LaTeX Font Info:    Calculating math sizes for size <26> on input line 1.

Underfull \hbox (badness 10000) in paragraph at lines 1--1

 []

[1


]) (chapters/02-Remerciement.tex
Underfull \hbox (badness 10000) in paragraph at lines 1--1

 []


Underfull \hbox (badness 7047) in paragraph at lines 13--18
[]\T1/ptm/m/n/12 Nous re-mer-cions éga-le-ment notre en-ca-drant pro-fes-sion-n
el, \T1/ptm/b/n/12 M. Hous-se-mEd-dine
 []

[2


]) (chapters/03-ListeDesAbr.tex
Underfull \hbox (badness 10000) in paragraph at lines 1--1

 []

[3


])
Underfull \hbox (badness 10000) in paragraph at lines 24--24

 []

(main.toc [4


] [5]
LaTeX Font Info:    Trying to load font information for T1+cmtt on input line 6
5.

(C:\Users\Wiem\AppData\Local\Programs\MiKTeX\tex/latex/base\t1cmtt.fd
File: t1cmtt.fd 2023/04/13 v2.5m Standard LaTeX font definitions
)
Package microtype Info: Loading generic protrusion settings for font family
(microtype)             `cmtt' (encoding: T1).
(microtype)             For optimal results, create family-specific settings.
(microtype)             See the microtype manual for details.
 [6]
[7] [8] [9])
\tf@toc=\write6
\openout6 = `main.toc'.

 [10]
Underfull \hbox (badness 10000) in paragraph at lines 25--25

 []

(main.lof
Underfull \hbox (badness 4353) in paragraph at lines 22--22
 [][] [][]\T1/ptm/m/n/12 Diagramme de classes -- Sprint 2 (en-ti-tés Pro-ject, 
Gi-tHu-bRe-po-si-tory, 
 []

LaTeX Font Info:    Trying to load font information for TS1+ptm on input line 2
8.
(C:\Users\Wiem\AppData\Local\Programs\MiKTeX\tex/latex/psnfss\ts1ptm.fd
File: ts1ptm.fd 2001/06/04 font definitions for TS1/ptm.
)
Underfull \hbox (badness 2884) in paragraph at lines 29--29
 [][] [][]\T1/ptm/m/n/12 Diagramme de sé-quence DS-3b -- Lan-ce-ment DAST (OWAS
P ZAP \TS1/ptm/m/n/12 · 
 []

[11

]
Underfull \hbox (badness 1596) in paragraph at lines 32--32
 [][] [][]\T1/ptm/m/n/12 Diagramme de sé-quence DS-3a -- Lan-cer un scan SAST (
or-ches-tra-tion 
 []


Underfull \hbox (badness 10000) in paragraph at lines 36--36
 [][] [][]\T1/ptm/m/n/12 Diagramme de classes -- Sprint 4 (Vul-ne-ra-bi-li-ty-T
ask, 
 []


Underfull \hbox (badness 1803) in paragraph at lines 39--39
 [][] [][]\T1/ptm/m/n/12 Diagramme de classes -- Sprint 4 (en-ti-tés RiskS-core
, Vul-ne-ra-bi-li-ty-Task, 
 []


Underfull \hbox (badness 6078) in paragraph at lines 45--45
 [][] [][]\T1/ptm/m/n/12 Diagramme de classes -- Sprint 5 (Re-com-men-da-tion, 
Se-cu-ri-ty-Re-port, 
 []

)
\tf@lof=\write7
\openout7 = `main.lof'.

 [12]
Underfull \hbox (badness 10000) in paragraph at lines 26--26

 []

(main.lot [13

])
\tf@lot=\write8
\openout8 = `main.lot'.

 [14] (chapters/04-IntroductionGeneral.tex
Underfull \hbox (badness 10000) in paragraph at lines 1--1

 []


Underfull \hbox (badness 1661) in paragraph at lines 4--5
\T1/ptm/m/n/12 d'ap-pli-ca-tions web, conju-guée à la so-phis-ti-ca-tion crois-
sante des cy-be-rat-taques, ex-pose
 []


Underfull \hbox (badness 1688) in paragraph at lines 16--17
\T1/ptm/m/it/12 Mis-tral\T1/ptm/m/n/12 /\T1/ptm/m/it/12 Qwen\T1/ptm/m/n/12 ) es
t ex-posé dans l'in-ter-face via l'ac-tion \T1/ptm/m/it/12 As-sist with AI\T1/p
tm/m/n/12 . Il ex-plique les
 []


pdfTeX warning (ext4): destination with the same identifier (name{page.1}) has 
been already used, duplicate ignored
<to be read again> 
                   \relax 
l.21 \clearpage
                [1


])
\openout2 = `chapters/05-Chapitre1.aux'.

 (chapters/05-Chapitre1.tex
Chapitre 1.

Underfull \hbox (badness 10000) in paragraph at lines 2--2

 []


Underfull \hbox (badness 1142) in paragraph at lines 7--8
\T1/ptm/m/n/12 me-naces nu-mé-riques : la sé-cu-rité doit dé-sor-mais être in-t
é-grée de ma-nière conti-nue et
 []


Underfull \hbox (badness 1577) in paragraph at lines 9--10
\T1/ptm/m/n/12 d'ac-cueil, pro-blé-ma-tique de sé-cu-rité, étude cri-tique de l
'exis-tant, so-lu-tion pro-po-sée et
 []


Underfull \hbox (badness 3439) in paragraph at lines 14--15
[]\T1/ptm/b/n/12 Mobelite \T1/ptm/m/n/12 est une en-tre-prise spé-cia-li-sée da
ns la concep-tion et le dé-ve-lop-pe-ment
 []

File: images/logo_mobelite.jpeg Graphic file (type jpg)
<use images/logo_mobelite.jpeg>
Package pdftex.def Info: images/logo_mobelite.jpeg  used on input line 19.
(pdftex.def)             Requested size: 113.81102pt x 33.22694pt.

Underfull \hbox (badness 4048) in paragraph at lines 56--56
[]|\T1/ptm/m/n/12 Conseil en stra-té-gie mo-bile, dé-ve-lop-pe-ment web et mo-b
ile,
 []


Underfull \hbox (badness 10000) in paragraph at lines 56--56
\T1/ptm/m/n/12 dé-ve-lop-pe-ment hy-bride, dé-ve-lop-pe-ment iOS et An-droid,
 []

[2



]
Underfull \hbox (badness 1616) in paragraph at lines 64--65
[]\T1/ptm/m/n/12 L'accélération des cycles de li-vrai-son lo-gi-cielle im-pose 
une ap-proche ra-di-ca-le-ment
 []

[3]
Underfull \hbox (badness 1448) in paragraph at lines 83--84
[]\T1/ptm/m/n/12 La pro-blé-ma-tique cen-trale est donc : \T1/ptm/b/n/12 com-me
nt or-ches-trer de ma-nière co-hé-rente
 []

[4]
<images/logos/sonarqube.png, id=1426, 1706.375pt x 565.11125pt>
File: images/logos/sonarqube.png Graphic file (type png)
<use images/logos/sonarqube.png>
Package pdftex.def Info: images/logos/sonarqube.png  used on input line 125.
(pdftex.def)             Requested size: 113.81102pt x 37.69066pt.
<images/logos/burpsuite.png, id=1428, 3011.25pt x 2147.02126pt>
File: images/logos/burpsuite.png Graphic file (type png)
<use images/logos/burpsuite.png>
Package pdftex.def Info: images/logos/burpsuite.png  used on input line 133.
(pdftex.def)             Requested size: 113.81102pt x 81.11589pt.
<images/logos/checkmarx.png, id=1429, 57.816pt x 7.9497pt>
File: images/logos/checkmarx.png Graphic file (type png)
<use images/logos/checkmarx.png>
Package pdftex.def Info: images/logos/checkmarx.png  used on input line 141.
(pdftex.def)             Requested size: 113.81102pt x 15.64983pt.
<images/logos/snyk.png, id=1430, 4494.7925pt x 3370.5925pt>
File: images/logos/snyk.png Graphic file (type png)
<use images/logos/snyk.png>
Package pdftex.def Info: images/logos/snyk.png  used on input line 149.
(pdftex.def)             Requested size: 113.81102pt x 85.32408pt.
 [5 <./images/logos/sonarqube.png> <./images/logos/burpsuite.png> <./images/log
os/checkmarx.png>]
<images/logos/owaspzap.png, id=1438, 3011.25pt x 1822.81pt>
File: images/logos/owaspzap.png Graphic file (type png)
<use images/logos/owaspzap.png>
Package pdftex.def Info: images/logos/owaspzap.png  used on input line 157.
(pdftex.def)             Requested size: 113.81102pt x 68.86697pt.

Underfull \hbox (badness 10000) in alignment at lines 184--184
[][][][][][] 
 []

[6 <./images/logos/snyk.png> <./images/logos/owaspzap.png>]
Underfull \hbox (badness 3128) in paragraph at lines 194--195
[]\T1/ptm/m/n/12 Certaines so-lu-tions (OWASP ZAP, Sem-grep) sont open source e
t gra-tui-te-ment
 []


Underfull \hbox (badness 1400) in paragraph at lines 195--196
[]\T1/ptm/m/n/12 Intégrations CI/CD dis-po-nibles pour les prin-ci-pales pla-te
-formes (Gi-tHub, Git-Lab,
 []

[7]
Underfull \hbox (badness 10000) in paragraph at lines 248--248
[]|\T1/ptm/m/n/12 Cycle en V /
 []

<images/scrum.png, id=1454, 702.625pt x 501.875pt>
File: images/scrum.png Graphic file (type png)
<use images/scrum.png>
Package pdftex.def Info: images/scrum.png  used on input line 265.
(pdftex.def)             Requested size: 455.24411pt x 325.18105pt.
[8] [9 <./images/scrum.png (PNG copy)>])
Underfull \hbox (badness 1292) in paragraph at lines 302--32
\T1/ptm/m/n/12 spé-ci-fi-ca-tion des be-soins fonc-tion-nels et non fonc-tion-n
els, iden-ti-fi-ca-tion des ac-teurs et
 []

[10]
\openout2 = `chapters/06-Chapitre2.aux'.

 (chapters/06-Chapitre2.tex
Chapitre 2.

Underfull \hbox (badness 10000) in paragraph at lines 2--2

 []


Underfull \hbox (badness 3029) in paragraph at lines 2--2
| \T1/ptm/b/n/26 Sprint 0 -- Ini-tia-li-sa-tion et étude
 []


Underfull \hbox (badness 10000) in paragraph at lines 54--54
[]|\T1/ptm/b/n/12 Security
 []


Underfull \hbox (badness 10000) in paragraph at lines 54--54
[]|\T1/ptm/b/n/12 Systèmes
 []

[11




]
Underfull \hbox (badness 1484) in paragraph at lines 60--67
[]\T1/ptm/m/n/12 L'analyse des be-soins d'In-vi-si-Threat se si-tue à l'in-ter-
sec-tion de contraintes mé-tier,
 []

[12]
Underfull \hbox (badness 1389) in paragraph at lines 99--102
[]\T1/ptm/b/n/12 Journalisation des ac-tions sen-sibles (Au-dit logs) \T1/ptm/m
/n/12 : en-re-gis-tre-ment ho-ro-daté des
 []


Underfull \hbox (badness 4403) in paragraph at lines 130--133
[]\T1/ptm/b/n/12 Normalisation des vul-né-ra-bi-li-tés \T1/ptm/m/n/12 : har-mo-
ni-sa-tion des sé-vé-ri-tés, clas-si-fi-ca-tions
 []

[13]
Underfull \hbox (badness 4899) in paragraph at lines 213--216
[]\T1/ptm/b/n/12 Résilience et fia-bi-lité \T1/ptm/m/n/12 : trai-te-ment idem-p
otent des tâches et mé-ca-nismes de
 []

[14]
Underfull \hbox (badness 1067) in paragraph at lines 272--275
[]\T1/ptm/b/n/12 Business Va-lue \T1/ptm/m/n/12 : prio-rité aux fonc-tion-na-li
-tés ap-por-tant le maxi-mum de va-leur à
 []

[15]
Underfull \hbox (badness 1997) in paragraph at lines 342--342
[]|\T1/ptm/m/n/10.95 En tant qu'ad-mi-nis-tra-teur, je veux
 []


Underfull \hbox (badness 3525) in paragraph at lines 342--342
\T1/ptm/m/n/10.95 m'au-then-ti-fier afin d'ac-cé-der à la
 []


Underfull \hbox (badness 10000) in paragraph at lines 342--342
\T1/ptm/m/n/10.95 pla-te-forme et à l'en-semble des
 []


Underfull \hbox (badness 2245) in paragraph at lines 342--342
[]|\T1/ptm/m/n/10.95 En tant que dé-ve-lop-peur, je veux
 []


Underfull \hbox (badness 10000) in paragraph at lines 342--342
\T1/ptm/m/n/10.95 m'au-then-ti-fier afin d'ac-cé-der
 []


Underfull \hbox (badness 1997) in paragraph at lines 342--342
[]|\T1/ptm/m/n/10.95 En tant qu'ad-mi-nis-tra-teur, je veux
 []


Underfull \hbox (badness 10000) in paragraph at lines 342--342
\T1/ptm/m/n/10.95 ac-ti-ver l'au-then-ti-fi-ca-tion à deux
 []


Underfull \hbox (badness 1997) in paragraph at lines 342--342
[]|\T1/ptm/m/n/10.95 En tant qu'ad-mi-nis-tra-teur, je veux
 []


Underfull \hbox (badness 2221) in paragraph at lines 342--342
\T1/ptm/m/n/10.95 per-mis-sions afin de cloi-son-ner les
 []


Underfull \hbox (badness 2073) in paragraph at lines 342--342
[]|\T1/ptm/m/n/10.95 En tant que Se-cu-rity Ma-na-ger, je
 []


Underfull \hbox (badness 2245) in paragraph at lines 342--342
[]|\T1/ptm/m/n/10.95 En tant que dé-ve-lop-peur, je veux
 []


Underfull \hbox (badness 2245) in paragraph at lines 342--342
[]|\T1/ptm/m/n/10.95 En tant que dé-ve-lop-peur, je veux
 []


Underfull \hbox (badness 10000) in paragraph at lines 342--342
\T1/ptm/m/n/10.95 des rôles afin de struc-tu-rer la
 []


Underfull \hbox (badness 2245) in paragraph at lines 342--342
[]|\T1/ptm/m/n/10.95 En tant que dé-ve-lop-peur, je veux
 []


Underfull \hbox (badness 3826) in paragraph at lines 342--342
\T1/ptm/m/n/10.95 afin d'au-to-ma-ti-ser la col-lecte des
 []

[16]
Underfull \hbox (badness 1577) in paragraph at lines 378--378
[]|\T1/ptm/m/n/10.95 En tant que dé-ve-lop-peur, je veux
 []


Underfull \hbox (badness 6825) in paragraph at lines 378--378
\T1/ptm/m/n/10.95 lan-cer une ana-lyse sta-tique afin
 []


Underfull \hbox (badness 3623) in paragraph at lines 378--378
\T1/ptm/m/n/10.95 de dé-tec-ter les pat-terns de code
 []


Underfull \hbox (badness 1442) in paragraph at lines 378--378
[]|\T1/ptm/m/n/10.95 En tant que Se-cu-rity Ma-na-ger, je
 []


Underfull \hbox (badness 6252) in paragraph at lines 378--378
\T1/ptm/m/n/10.95 veux ap-pli-quer des règles re-gex
 []


Underfull \hbox (badness 10000) in paragraph at lines 378--378
\T1/ptm/m/n/10.95 per-son-na-li-sées afin d'adap-ter la
 []


Underfull \hbox (badness 1590) in paragraph at lines 378--378
\T1/ptm/m/n/10.95 dé-tec-tion aux spé-ci-fi-ci-tés du code
 []


Underfull \hbox (badness 5119) in paragraph at lines 378--378
[]|\T1/ptm/m/n/10.95 En tant que sys-tème CI/CD, je
 []


Underfull \hbox (badness 3989) in paragraph at lines 378--378
\T1/ptm/m/n/10.95 veux dé-clen-cher une ana-lyse via
 []


Underfull \hbox (badness 7777) in paragraph at lines 378--378
\T1/ptm/m/n/10.95 la ligne de com-mande afin de
 []


Underfull \hbox (badness 1577) in paragraph at lines 378--378
[]|\T1/ptm/m/n/10.95 En tant que dé-ve-lop-peur, je veux
 []


Underfull \hbox (badness 10000) in paragraph at lines 378--378
\T1/ptm/m/n/10.95 lan-cer une ana-lyse dy-na-mique
 []


Underfull \hbox (badness 1117) in paragraph at lines 378--378
\T1/ptm/m/n/10.95 via OWASP ZAP afin de dé-tec-ter
 []


Underfull \hbox (badness 3009) in paragraph at lines 378--378
\T1/ptm/m/n/10.95 les failles d'ex-po-si-tion réelles de
 []


Underfull \hbox (badness 6559) in paragraph at lines 378--378
\T1/ptm/m/n/10.95 consul-ter des alertes nor-ma-li-sées
 []


Underfull \hbox (badness 1546) in paragraph at lines 378--378
\T1/ptm/m/n/10.95 se-lon une sé-vé-rité uni-fiée afin de
 []

[17]
Underfull \hbox (badness 1024) in paragraph at lines 413--413
\T1/ptm/m/n/10.95 de cor-rec-tion via \T1/ptm/m/it/10.95 As-sist with AI \T1/pt
m/m/n/10.95 afin
 []


Underfull \hbox (badness 3449) in paragraph at lines 413--413
\T1/ptm/m/n/10.95 chan-ger l'état d'une vul-né-ra-bi-lité et
 []


Underfull \hbox (badness 3612) in paragraph at lines 413--413
\T1/ptm/m/n/10.95 l'as-si-gner à un res-pon-sable afin de
 []


Underfull \hbox (badness 2293) in paragraph at lines 413--413
\T1/ptm/m/n/10.95 afin d'avoir une vue d'en-semble du
 []


Underfull \hbox (badness 1953) in paragraph at lines 413--413
\T1/ptm/m/n/10.95 ni-veau de risque sur l'en-semble des
 []


Underfull \hbox (badness 7451) in paragraph at lines 413--413
[]|\T1/ptm/m/n/10.95 En tant que dé-ve-lop-peur, je veux
 []


Underfull \hbox (badness 2005) in paragraph at lines 413--413
\T1/ptm/m/n/10.95 com-pa-rer les ré-sul-tats de scan entre
 []

[18]
Underfull \hbox (badness 10000) in paragraph at lines 447--447
[]|\T1/ptm/m/n/10.95 En tant que dé-ve-lop-peur, je
 []


Underfull \hbox (badness 10000) in paragraph at lines 447--447
\T1/ptm/m/n/10.95 veux re-ce-voir des no-ti-fi-ca-tions
 []


Underfull \hbox (badness 1442) in paragraph at lines 447--447
[]|\T1/ptm/m/n/10.95 En tant que Se-cu-rity Ma-na-ger, je
 []


Underfull \hbox (badness 2359) in paragraph at lines 447--447
\T1/ptm/m/n/10.95 re-ce-voir les alertes cri-tiques dans
 []


Underfull \hbox (badness 1325) in paragraph at lines 447--447
\T1/ptm/m/n/10.95 un ca-nal Slack afin de cen-tra-li-ser
 []


Underfull \hbox (badness 10000) in paragraph at lines 447--447
\T1/ptm/m/n/10.95 les no-ti-fi-ca-tions dans l'ou-til de
 []


Underfull \hbox (badness 5681) in paragraph at lines 447--447
\T1/ptm/m/n/10.95 les plus ex-po-sés à l'échelle du
 []

[19] (C:\Users\Wiem\AppData\Local\Programs\MiKTeX\tex/latex/base\ts1cmtt.fd)
Underfull \hbox (badness 10000) in paragraph at lines 526--526
[]|\T1/ptm/b/n/10.95 Cadrage et
 []


Underfull \hbox (badness 10000) in paragraph at lines 526--526
[]|\T1/ptm/m/n/10.95 Initialisation du
 []


Underfull \hbox (badness 10000) in paragraph at lines 526--526
\T1/ptm/m/n/10.95 dé-pôt, confi-gu-ra-tion
 []


Underfull \hbox (badness 10000) in paragraph at lines 526--526
\T1/ptm/m/n/10.95 Do-cker Com-pose,
 []


Underfull \hbox (badness 2689) in paragraph at lines 526--526
\T1/ptm/m/n/10.95 mo-dé-li-sa-tion de la base
 []


Underfull \hbox (badness 10000) in paragraph at lines 526--526
[]|\T1/ptm/m/n/10.95 Socle tech-nique
 []


Underfull \hbox (badness 10000) in paragraph at lines 526--526
\T1/ptm/m/n/10.95 opé-ra-tion-nel, schéma
 []


Underfull \hbox (badness 10000) in paragraph at lines 526--526
\T1/ptm/m/n/10.95 Post-greSQL va-lidé,
 []


Underfull \hbox (badness 10000) in paragraph at lines 526--526
[]|\T1/ptm/b/n/10.95 Sécurité et
 []


Underfull \hbox (badness 10000) in paragraph at lines 526--526
[]|\T1/ptm/m/n/10.95 Authentification JWT,
 []


Underfull \hbox (badness 10000) in paragraph at lines 526--526
\T1/ptm/m/n/10.95 RBAC, 2FA TOTP,
 []


Underfull \hbox (badness 1681) in paragraph at lines 526--526
\T1/ptm/m/n/10.95 au-dit logs, po-li-tiques de
 []


Underfull \hbox (badness 1668) in paragraph at lines 526--526
\T1/ptm/m/n/10.95 sé-cu-risé et jour-na-li-sa-tion
 []


Underfull \hbox (badness 10000) in paragraph at lines 526--526
[]|\T1/ptm/b/n/10.95 Projets et
 []


Underfull \hbox (badness 10000) in paragraph at lines 526--526
\T1/ptm/m/n/10.95 ges-tion des clés API,
 []


Underfull \hbox (badness 10000) in paragraph at lines 526--526
[]|\T1/ptm/m/n/10.95 Gestion de pro-jets
 []


Underfull \hbox (badness 6364) in paragraph at lines 526--526
\T1/ptm/m/n/10.95 fonc-tion-nelle, in-té-gra-tion
 []


Underfull \hbox (badness 10000) in paragraph at lines 526--526
\T1/ptm/m/n/10.95 Gi-tHub et clés API
 []


Underfull \hbox (badness 10000) in paragraph at lines 526--526
[]|\T1/ptm/m/n/10.95 Intégration Sem-grep et
 []


Underfull \hbox (badness 10000) in paragraph at lines 526--526
\T1/ptm/m/n/10.95 Ban-dit, CLI scan-ner,
 []


Underfull \hbox (badness 1668) in paragraph at lines 526--526
\T1/ptm/m/n/10.95 nor-ma-li-sa-tion des alertes
 []


Underfull \hbox (badness 10000) in paragraph at lines 526--526
\T1/ptm/m/n/10.95 SAST ; in-té-gra-tion
 []


Underfull \hbox (badness 10000) in paragraph at lines 526--526
\T1/ptm/m/n/10.95 OWASP ZAP en
 []


Underfull \hbox (badness 10000) in paragraph at lines 526--526
\T1/ptm/m/n/10.95 mode dae-mon, wor-kers
 []


Underfull \hbox (badness 10000) in paragraph at lines 526--526
[]|\T1/ptm/m/n/10.95 Pipeline SAST
 []


Underfull \hbox (badness 10000) in paragraph at lines 526--526
\T1/ptm/m/n/10.95 opé-ra-tion-nel, pi-pe-line
 []


Underfull \hbox (badness 1406) in paragraph at lines 526--526
\T1/ptm/m/n/10.95 DAST asyn-chrone, score
 []


Underfull \hbox (badness 10000) in paragraph at lines 526--526
[]|\T1/ptm/b/n/10.95 Workflow de
 []


Underfull \hbox (badness 10000) in paragraph at lines 526--526
[]|\T1/ptm/m/n/10.95 Synchronisation
 []


Underfull \hbox (badness 10000) in paragraph at lines 526--526
\T1/ptm/m/n/10.95 des tâches de
 []


Underfull \hbox (badness 10000) in paragraph at lines 526--526
\T1/ptm/m/n/10.95 re-mé-dia-tion, as-si-gna-tion
 []


Underfull \hbox (badness 10000) in paragraph at lines 526--526
\T1/ptm/m/n/10.95 aux dé-ve-lop-peurs,
 []


Underfull \hbox (badness 10000) in paragraph at lines 526--526
\T1/ptm/m/n/10.95 ma-chine d'états
 []


Overfull \hbox (77.75618pt too wide) in paragraph at lines 526--526
\T1/ptm/m/n/10.95 (\T1/cmtt/m/n/10.95 open\TS1/cmtt/m/n/10.95 ^^Y\T1/cmtt/m/n/1
0.95 in_progress\TS1/cmtt/m/n/10.95 ^^Y\T1/cmtt/m/n/10.95 fixed\TS1/cmtt/m/n/10
.95 ^^Y\T1/cmtt/m/n/10.95 verified\T1/ptm/m/n/10.95 ),
 []


Underfull \hbox (badness 10000) in paragraph at lines 526--526
\T1/ptm/m/n/10.95 com-men-taires
 []


Underfull \hbox (badness 10000) in paragraph at lines 526--526
[]|\T1/ptm/m/n/10.95 Système de ges-tion
 []


Underfull \hbox (badness 7291) in paragraph at lines 526--526
\T1/ptm/m/n/10.95 des tâches opé-ra-tion-nel,
 []


Underfull \hbox (badness 10000) in paragraph at lines 526--526
\T1/ptm/m/n/10.95 no-ti-fi-ca-tions So-cket.IO
 []


Underfull \hbox (badness 10000) in paragraph at lines 526--526
[]|\T1/ptm/b/n/10.95 Dashboard,
 []


Overfull \hbox (3.05873pt too wide) in paragraph at lines 526--526
\T1/ptm/b/n/10.95 Re-com-man-da-tion
 []


Underfull \hbox (badness 2856) in paragraph at lines 526--526
[]|\T1/ptm/m/n/10.95 Tableau de bord agrégé
 []


Underfull \hbox (badness 10000) in paragraph at lines 526--526
\T1/ptm/m/n/10.95 (mé-triques, ten-dances) ;
 []


Underfull \hbox (badness 10000) in paragraph at lines 526--526
\T1/ptm/m/n/10.95 as-sis-tant IA lo-cal
 []


Underfull \hbox (badness 10000) in paragraph at lines 526--526
\T1/ptm/m/n/10.95 (\T1/ptm/m/it/10.95 As-sist with AI\T1/ptm/m/n/10.95 ) via
 []


Underfull \hbox (badness 10000) in paragraph at lines 526--526
\T1/ptm/m/n/10.95 Ol-lama (Mis-tral/Qwen) ;
 []


Underfull \hbox (badness 10000) in paragraph at lines 526--526
\T1/ptm/m/n/10.95 gé-né-ra-tion de rap-ports
 []


Underfull \hbox (badness 10000) in paragraph at lines 526--526
\T1/ptm/m/n/10.95 de sé-cu-rité PDF/JSON
 []


Underfull \hbox (badness 10000) in paragraph at lines 526--526
[]|\T1/ptm/m/n/10.95 Dashboard opé-ra-tion-nel,
 []


Underfull \hbox (badness 10000) in paragraph at lines 526--526
\T1/ptm/m/n/10.95 re-com-man-da-tions IA
 []


Underfull \hbox (badness 10000) in paragraph at lines 526--526
\T1/ptm/m/n/10.95 per-sis-tées, rap-ports
 []

[20] [21]
File: images/logos/VSCode.png Graphic file (type png)
<use images/logos/VSCode.png>
Package pdftex.def Info: images/logos/VSCode.png  used on input line 623.
(pdftex.def)             Requested size: 32.5223pt x 32.5223pt.
File: images/logos/Git.png Graphic file (type png)
<use images/logos/Git.png>
Package pdftex.def Info: images/logos/Git.png  used on input line 623.
(pdftex.def)             Requested size: 33.18658pt x 32.52286pt.
File: images/logos/Docker.png Graphic file (type png)
<use images/logos/Docker.png>
Package pdftex.def Info: images/logos/Docker.png  used on input line 623.
(pdftex.def)             Requested size: 54.20499pt x 13.95778pt.

Underfull \hbox (badness 10000) in paragraph at lines 623--623
[]|\T1/ptm/m/n/12 Exécution lo-cale des conte-neurs pour re-pro-duire
 []


Underfull \hbox (badness 5417) in paragraph at lines 623--623
\T1/ptm/m/n/12 fi-dè-le-ment l'en-vi-ron-ne-ment de pro-duc-tion et évi-ter
 []

File: images/logos/Draw.png Graphic file (type png)
<use images/logos/Draw.png>
Package pdftex.def Info: images/logos/Draw.png  used on input line 623.
(pdftex.def)             Requested size: 54.20554pt x 13.61748pt.

Underfull \hbox (badness 1565) in paragraph at lines 623--623
[]|\T1/ptm/m/n/12 Isolation des dé-pen-dances Py-thon par en-vi-ron-ne-ment
 []

File: images/logos/node.png Graphic file (type png)
<use images/logos/node.png>
Package pdftex.def Info: images/logos/node.png  used on input line 623.
(pdftex.def)             Requested size: 53.06984pt x 32.48935pt.
[22]
Underfull \hbox (badness 1721) in paragraph at lines 629--633
[]\T1/ptm/m/n/12 Le ta-bleau []2.9[] pré-sente la stack tech-nique dé-ployée po
ur as-su-rer la dé-tec-tion, la
 []

File: images/logos/python.png Graphic file (type png)
<use images/logos/python.png>
Package pdftex.def Info: images/logos/python.png  used on input line 737.
(pdftex.def)             Requested size: 54.14195pt x 15.71199pt.

Underfull \hbox (badness 10000) in paragraph at lines 737--737
[]|\T1/ptm/b/n/12 Python /
 []

File: images/logos/react.png Graphic file (type png)
<use images/logos/react.png>
Package pdftex.def Info: images/logos/react.png  used on input line 737.
(pdftex.def)             Requested size: 36.29884pt x 32.48021pt.

Underfull \hbox (badness 6493) in paragraph at lines 737--737
[]|\T1/ptm/m/n/12 Bibliothèque de construc-tion d'in-ter-faces riches et
 []


Underfull \hbox (badness 1584) in paragraph at lines 737--737
\T1/ptm/m/n/12 de scan. Son éco-sys-tème étendu et sa flexi-bi-lité de
 []

File: images/logos/postgreSQL.png Graphic file (type png)
<use images/logos/postgreSQL.png>
Package pdftex.def Info: images/logos/postgreSQL.png  used on input line 737.
(pdftex.def)             Requested size: 54.17719pt x 8.33495pt.

Underfull \hbox (badness 2050) in paragraph at lines 737--737
[]|\T1/ptm/m/n/12 Assure la per-sis-tance tran-sac-tion-nelle (ACID) et les
 []


Underfull \hbox (badness 1596) in paragraph at lines 737--737
\T1/ptm/m/n/12 agré-ga-tions avan-cées né-ces-saires à l'his-to-ri-sa-tion des
 []


Underfull \hbox (badness 1087) in paragraph at lines 737--737
\T1/ptm/m/n/12 une ri-chesse fonc-tion-nelle su-pé-rieure à MySQL pour
 []


Underfull \hbox (badness 1509) in paragraph at lines 737--737
\T1/ptm/m/n/12 les re-quêtes ana-ly-tiques. La contrainte prin-ci-pale est
 []

File: images/logos/redis.png Graphic file (type png)
<use images/logos/redis.png>
Package pdftex.def Info: images/logos/redis.png  used on input line 737.
(pdftex.def)             Requested size: 54.19948pt x 17.2788pt.

Underfull \hbox (badness 2922) in paragraph at lines 737--737
[]|\T1/ptm/m/n/12 Utilisé comme bro-ker de mes-sages pour Ce-lery et
 []


Underfull \hbox (badness 2027) in paragraph at lines 737--737
\T1/ptm/m/n/12 d'at-tente, ver-rous dis-tri-bués). Sa na-ture en mé-moire
 []


Underfull \hbox (badness 2846) in paragraph at lines 737--737
\T1/ptm/m/n/12 ga-ran-tit des temps d'ac-cès très faibles et dé-charge
 []


Underfull \hbox (badness 10000) in paragraph at lines 737--737
\T1/ptm/m/n/10.95 Orchestration
 []


Underfull \hbox (badness 10000) in paragraph at lines 737--737
\T1/ptm/m/n/12 iso-lés sans blo-quer l'API prin-ci-pale. Four-nit un
 []


Underfull \hbox (badness 1748) in paragraph at lines 737--737
\T1/ptm/m/n/12 mé-ca-nisme de file d'at-tente, de re-tries confi-gu-rables
 []


Underfull \hbox (badness 3271) in paragraph at lines 737--737
\T1/ptm/m/n/12 et de suivi d'exé-cu-tion adapté aux tâches longues.
 []


Underfull \hbox (badness 1320) in paragraph at lines 737--737
\T1/ptm/m/n/12 La su-per-vi-sion des wor-kers et la ges-tion fine de la
 []

File: images/logos/Socket.IO.png Graphic file (type png)
<use images/logos/Socket.IO.png>
Package pdftex.def Info: images/logos/Socket.IO.png  used on input line 737.
(pdftex.def)             Requested size: 32.52242pt x 32.52242pt.

Underfull \hbox (badness 1194) in paragraph at lines 737--737
[]|\T1/ptm/m/n/12 Assure la dif-fu-sion en temps réel des états de scan
 []

File: images/logos/Docker.png Graphic file (type png)
<use images/logos/Docker.png>
Package pdftex.def Info: images/logos/Docker.png  used on input line 737.
(pdftex.def)             Requested size: 54.20499pt x 13.95778pt.

Underfull \hbox (badness 7576) in paragraph at lines 737--737
[]|\T1/ptm/m/n/12 Constitue le socle de dé-ploie-ment de l'en-semble
 []


Underfull \hbox (badness 10000) in paragraph at lines 737--737
\T1/ptm/m/n/12 des ser-vices, ga-ran-tis-sant la re-pro-duc-ti-bi-lité des
 []

File: images/logos/owaspzap.png Graphic file (type png)
<use images/logos/owaspzap.png>
Package pdftex.def Info: images/logos/owaspzap.png  used on input line 737.
(pdftex.def)             Requested size: 53.7131pt x 32.51433pt.

Underfull \hbox (badness 4819) in paragraph at lines 737--737
\T1/ptm/m/n/12 com-plet. Plus ac-ces-sible et au-to-ma-ti-sable dans un
 []


Underfull \hbox (badness 1019) in paragraph at lines 737--737
\T1/ptm/m/n/12 pi-pe-line CI/CD que Burp Suite Pro-fes-sio-nal, au prix
 []


Underfull \hbox (badness 10000) in paragraph at lines 737--737
[]|\T1/ptm/b/n/12 Semgrep /
 []


Underfull \hbox (badness 1430) in paragraph at lines 737--737
\T1/ptm/m/n/12 pour la dé-tec-tion po-ly-glotte par règles confi-gu-rables,
 []


Underfull \hbox (badness 10000) in paragraph at lines 737--737
[]|\T1/ptm/b/n/12 Semgrep /
 []


Underfull \hbox (badness 1430) in paragraph at lines 737--737
\T1/ptm/m/n/12 pour la dé-tec-tion po-ly-glotte par règles confi-gu-rables,
 []


Underfull \hbox (badness 10000) in paragraph at lines 737--737
\T1/ptm/m/n/12 les alertes et pro-po-ser des re-com-man-da-tions de
 []


Underfull \hbox (badness 2302) in paragraph at lines 737--737
\T1/ptm/m/n/12 re-mé-dia-tion via l'ac-tion \T1/ptm/m/it/12 As-sist with AI\T1/
ptm/m/n/12 , ga-ran-tis-sant
 []


Underfull \hbox (badness 1859) in paragraph at lines 737--737
\T1/ptm/m/n/12 des ré-ponses se-lon le mo-dèle re-tenu consti-tuent les
 []


Underfull \hbox (badness 3780) in paragraph at lines 737--737
\T1/ptm/m/n/12 ba-ckend, of-frant un mo-dèle de fix-tures flexible et
 []


Underfull \hbox (badness 1509) in paragraph at lines 737--737
\T1/ptm/m/n/12 des as-ser-tions li-sibles, su-pé-rieur au mo-dule stan-dard
 []

[23 <./images/logos/VSCode.png> <./images/logos/Git.png> <./images/logos/Docker
.png> <./images/logos/Draw.png> <./images/logos/node.png>]
Overfull \vbox (654.0233pt too high) has occurred while \output is active []


[24 <./images/logos/python.png> <./images/logos/react.png> <./images/logos/post
greSQL.png> <./images/logos/redis.png> <./images/logos/Socket.IO.png>]
Underfull \hbox (badness 1231) in paragraph at lines 757--759
[]\T1/ptm/b/n/12 Couche de pré-sen-ta-tion \T1/ptm/m/n/12 : in-ter-face React p
our la vi-sua-li-sa-tion, le work-flow de
 []

[25]
Underfull \hbox (badness 1137) in paragraph at lines 822--831
\T1/ptm/m/n/12 du Pro-duct Ba-ck-log se-lon une prio-ri-sa-tion MoS-CoW et la p
la-ni-fi-ca-tion en six sprints
 []

[26]) [27]
\openout2 = `chapters/07-chapitre3.aux'.

 (chapters/07-chapitre3.tex
Chapitre 3.

Underfull \hbox (badness 10000) in paragraph at lines 2--2

 []


Underfull \hbox (badness 5036) in paragraph at lines 15--16
[]\T1/ptm/m/n/12 définir et im-plé-men-ter un mo-dèle RBAC pour les rôles \T1/c
mtt/m/n/12 admin\T1/ptm/m/n/12 , \T1/cmtt/m/n/12 developer\T1/ptm/m/n/12 ,
 []


Underfull \hbox (badness 1281) in paragraph at lines 52--52
[]|\T1/ptm/m/n/10.95 En tant qu'uti-li-sa-teur, je peux
 []


Underfull \hbox (badness 10000) in paragraph at lines 52--52
[]|\T1/ptm/m/n/10.95 Implémenter l'end-point \T1/cmtt/m/n/10.95 POST
 []


Underfull \hbox (badness 4291) in paragraph at lines 52--52
\T1/cmtt/m/n/10.95 /auth/login \T1/ptm/m/n/10.95 avec gé-né-ra-tion
 []


Underfull \hbox (badness 10000) in paragraph at lines 52--52
\T1/ptm/m/n/10.95 d'ac-cess to-ken (30 min) et
 []


Underfull \hbox (badness 10000) in paragraph at lines 52--52
[]|\T1/ptm/m/n/10.95 Implémenter l'end-point \T1/cmtt/m/n/10.95 POST
 []


Underfull \hbox (badness 10000) in paragraph at lines 52--52
[]|\T1/ptm/m/n/10.95 En tant qu'ad-mi-nis-tra-teur,
 []


Underfull \hbox (badness 10000) in paragraph at lines 52--52
\T1/ptm/m/n/10.95 je peux gé-rer les rôles et
 []


Underfull \hbox (badness 10000) in paragraph at lines 52--52
[]|\T1/ptm/m/n/10.95 Implémenter les dé-pen-dances
 []


Underfull \hbox (badness 6364) in paragraph at lines 52--52
[]|\T1/ptm/m/n/10.95 En tant qu'ad-mi-nis-tra-teur, je
 []


Underfull \hbox (badness 1642) in paragraph at lines 52--52
\T1/ptm/m/n/10.95 peux ac-ti-ver/désactiver la 2FA
 []


Underfull \hbox (badness 10000) in paragraph at lines 52--52
[]|\T1/ptm/m/n/10.95 Générer un se-cret
 []


Underfull \hbox (badness 10000) in paragraph at lines 52--52
\T1/ptm/m/n/10.95 TOTP par uti-li-sa-teur
 []


Underfull \hbox (badness 10000) in paragraph at lines 52--52
\T1/ptm/m/n/10.95 (\T1/cmtt/m/n/10.95 pyotp.random_base32\T1/ptm/m/n/10.95 ) et

 []


Underfull \hbox (badness 10000) in paragraph at lines 52--52
\T1/ptm/m/n/10.95 connexion si 2FA ac-ti-vée
 []


Underfull \hbox (badness 1783) in paragraph at lines 52--52
[]|\T1/ptm/m/n/10.95 Créer l'en-tité \T1/cmtt/m/n/10.95 AuditLog \T1/ptm/m/n/10
.95 et le
 []


Underfull \hbox (badness 10000) in paragraph at lines 52--52
\T1/ptm/m/n/10.95 midd-le-ware d'en-re-gis-tre-ment
 []


Underfull \hbox (badness 10000) in paragraph at lines 52--52
[]|\T1/ptm/m/n/10.95 Exposer l'end-point \T1/cmtt/m/n/10.95 GET
 []


Underfull \hbox (badness 10000) in paragraph at lines 52--52
\T1/cmtt/m/n/10.95 /audit-logs \T1/ptm/m/n/10.95 pa-giné avec
 []


Underfull \hbox (badness 2635) in paragraph at lines 52--52
\T1/ptm/m/n/10.95 filtres par ac-teur et par type
 []

[28




]
LaTeX Font Info:    Font shape `T1/cmtt/bx/n' in size <14.4> not available
(Font)              Font shape `T1/cmtt/m/n' tried instead on input line 58.
 [29] [30]
Underfull \hbox (badness 1496) in paragraph at lines 132--132
[]|\T1/ptm/m/n/10.95 L'utilisateur pos-sède un compte ac-tif (\T1/cmtt/m/n/10.9
5 is_active = true\T1/ptm/m/n/10.95 ) et vé-ri-fié
 []

[31]
Underfull \hbox (badness 6252) in paragraph at lines 166--166
\T1/ptm/m/n/10.95 5. Le sys-tème en-re-gistre un \T1/cmtt/m/n/10.95 AuditLog \T
1/ptm/m/n/10.95 ho-ro-daté avec \T1/cmtt/m/n/10.95 action =
 []


Underfull \hbox (badness 1320) in paragraph at lines 166--166
[]|\T1/ptm/m/n/10.95 2.a Rôle iden-tique au rôle ac-tuel : le sys-tème re-tourn
e un mes-sage
 []

[32] [33]
Underfull \hbox (badness 1142) in paragraph at lines 223--223
[]|\T1/ptm/m/n/10.95 Indicateur de vé-ri-fi-ca-tion de l'adresse
 []


Underfull \hbox (badness 10000) in paragraph at lines 223--223
[]|\T1/ptm/m/n/10.95 String
 []

Package textcomp Info: Symbol \textrightarrow not provided by
(textcomp)             font family ptm in TS1 encoding.
(textcomp)             Default family used instead on input line 223.

Underfull \hbox (badness 2635) in paragraph at lines 223--223
[]|\T1/ptm/m/n/10.95 UUID (FK \TS1/cmr/m/n/10.95 ^^Y
 []


Overfull \hbox (11.35071pt too wide) in paragraph at lines 223--223
[]|\T1/ptm/m/n/10.95 trial_scans_remaining| 
 []


Underfull \hbox (badness 1308) in paragraph at lines 223--223
[]|\T1/ptm/m/n/10.95 Nombre de scans res-tants en pé-riode
 []


Underfull \hbox (badness 1622) in paragraph at lines 223--223
[]|\T1/ptm/m/n/10.95 Nom du rôle (\T1/cmtt/m/n/10.95 admin \T1/ptm/m/n/10.95 / 
\T1/cmtt/m/n/10.95 developer \T1/ptm/m/n/10.95 /
 []

Package textcomp Info: Symbol \textrightarrow not provided by
(textcomp)             font family ptm in TS1 encoding.
(textcomp)             Default family used instead on input line 223.

Underfull \hbox (badness 2635) in paragraph at lines 223--223
[]|\T1/ptm/m/n/10.95 UUID (FK \TS1/cmr/m/n/10.95 ^^Y
 []


Underfull \hbox (badness 2229) in paragraph at lines 223--223
[]|\T1/ptm/m/n/10.95 Référence à l'ac-teur ayant dé-clen-ché
 []

Package textcomp Info: Symbol \textrightarrow not provided by
(textcomp)             font family ptm in TS1 encoding.
(textcomp)             Default family used instead on input line 223.

Underfull \hbox (badness 2635) in paragraph at lines 223--223
[]|\T1/ptm/m/n/10.95 UUID (FK \TS1/cmr/m/n/10.95 ^^Y
 []


Underfull \hbox (badness 10000) in paragraph at lines 223--223
[]|\T1/ptm/m/n/10.95 Type d'ac-tion jour-na-li-sée (\T1/ptm/m/it/10.95 LO-GIN\T
1/ptm/m/n/10.95 ,
 []

[34] [35] [36]
Underfull \hbox (badness 10000) in paragraph at lines 292--292
\T1/ptm/m/n/10.95 2. Ré-pondre à la de-mande TOTP avec un code gé-néré via
 []

[37]
Underfull \hbox (badness 5331) in paragraph at lines 319--319
[]|\T1/ptm/m/n/10.95 1. En-voyer \T1/cmtt/m/n/10.95 PUT /users/{id}/role \T1/pt
m/m/n/10.95 avec \T1/cmtt/m/n/10.95 Authorization: Bearer
 []

[38]
Underfull \hbox (badness 10000) in paragraph at lines 326--327
[]\T1/ptm/m/n/12 Le dé-ve-lop-pe-ment du Sprint 1 a été ver-sionné sur la branc
he
 []


Underfull \hbox (badness 1127) in paragraph at lines 326--327
\T1/cmtt/m/n/12 feature/sprint1-auth-rbac\T1/ptm/m/n/12 , avec des mes-sages de
 com-mit struc-tu-rés (\T1/cmtt/m/n/12 feat:\T1/ptm/m/n/12 , \T1/cmtt/m/n/12 fi
x:\T1/ptm/m/n/12 ,
 []

) [39]
\openout2 = `chapters/08-Chapitre4.aux'.

 (chapters/08-Chapitre4.tex
Chapitre 4.

Underfull \hbox (badness 10000) in paragraph at lines 2--2

 []


Underfull \hbox (badness 1231) in paragraph at lines 14--15
[]\T1/ptm/m/n/12 permettre la créa-tion et la confi-gu-ra-tion des pro-jets (\T
1/cmtt/m/n/12 language\T1/ptm/m/n/12 , \T1/cmtt/m/n/12 analysis_type\T1/ptm/m/n
/12 ,
 []


Underfull \hbox (badness 10000) in paragraph at lines 50--50
[]|\T1/ptm/m/n/10.95 En tant que dé-ve-lop-peur
 []


Underfull \hbox (badness 10000) in paragraph at lines 50--50
\T1/ptm/m/n/10.95 ou ad-mi-nis-tra-teur, je peux
 []


Underfull \hbox (badness 2080) in paragraph at lines 50--50
\T1/ptm/m/n/10.95 créer un pro-jet et dé-fi-nir ses
 []


Underfull \hbox (badness 10000) in paragraph at lines 50--50
\T1/ptm/m/n/10.95 pa-ra-mètres (lan-gage, type
 []


Underfull \hbox (badness 10000) in paragraph at lines 50--50
[]|\T1/ptm/m/n/10.95 Implémenter l'end-point \T1/cmtt/m/n/10.95 POST
 []


Underfull \hbox (badness 10000) in paragraph at lines 50--50
\T1/cmtt/m/n/10.95 /projects \T1/ptm/m/n/10.95 avec va-li-da-tion
 []


Underfull \hbox (badness 10000) in paragraph at lines 50--50
\T1/ptm/m/n/10.95 Py-dan-tic v2 et per-sis-tance
 []


Underfull \hbox (badness 1442) in paragraph at lines 50--50
\T1/ptm/m/n/10.95 avec filtres par pro-prié-taire et
 []


Underfull \hbox (badness 10000) in paragraph at lines 50--50
[]|\T1/ptm/m/n/10.95 Implémenter le flux Gi-tHub
 []


Overfull \hbox (2.56416pt too wide) in paragraph at lines 50--50
\T1/cmtt/m/n/10.95 cryptography.fernet.Fernet
 []


Underfull \hbox (badness 10000) in paragraph at lines 50--50
\T1/ptm/m/n/10.95 avant per-sis-tance dans
 []


Underfull \hbox (badness 5050) in paragraph at lines 50--50
[]|\T1/ptm/m/n/10.95 En tant que dé-ve-lop-peur ou
 []


Underfull \hbox (badness 10000) in paragraph at lines 50--50
[]|\T1/ptm/m/n/10.95 Exposer les end-points \T1/cmtt/m/n/10.95 POST
 []


Underfull \hbox (badness 10000) in paragraph at lines 50--50
\T1/cmtt/m/n/10.95 /api-keys \T1/ptm/m/n/10.95 et \T1/cmtt/m/n/10.95 DELETE
 []


Underfull \hbox (badness 10000) in paragraph at lines 50--50
[]|\T1/ptm/m/n/10.95 Implémenter \T1/cmtt/m/n/10.95 POST
 []


Underfull \hbox (badness 10000) in paragraph at lines 50--50
\T1/cmtt/m/n/10.95 /projects/{id}/members
 []


Underfull \hbox (badness 10000) in paragraph at lines 50--50
\T1/ptm/m/n/10.95 avec ges-tion des rôles
 []

[40




]
Underfull \hbox (badness 2237) in paragraph at lines 62--63
[]\T1/ptm/b/n/12 Justification. \T1/ptm/m/n/12 Le flux OAuth évite l'ex-po-si-t
ion de cre-den-tials sta-tiques et per-met
 []

[41] [42]
Underfull \hbox (badness 1057) in paragraph at lines 125--125
\T1/ptm/m/n/10.95 (nom, des-crip-tion, lan-gage, type d'ana-lyse, vi-si-bi-lité
). Le créa-teur est
 []


Underfull \hbox (badness 1406) in paragraph at lines 125--125
\T1/ptm/m/n/10.95 Un en-re-gis-tre-ment \T1/cmtt/m/n/10.95 ProjectMember \T1/pt
m/m/n/10.95 est créé avec le rôle \T1/cmtt/m/n/10.95 owner\T1/ptm/m/n/10.95 . U
n
 []


Underfull \hbox (badness 1303) in paragraph at lines 125--125
\T1/ptm/m/n/10.95 2. Le sys-tème va-lide les don-nées via Py-dan-tic v2 (nom un
ique par
 []


Underfull \hbox (badness 1371) in paragraph at lines 160--160
[]|\T1/ptm/m/n/10.95 1. L'uti-li-sa-teur clique sur "Connec-ter Gi-tHub" de-pui
s le pan-neau de
 []

[43] [44]
Underfull \hbox (badness 10000) in paragraph at lines 216--216
[]|\T1/ptm/m/n/10.95 String
 []

Package textcomp Info: Symbol \textrightarrow not provided by
(textcomp)             font family ptm in TS1 encoding.
(textcomp)             Default family used instead on input line 216.

Underfull \hbox (badness 2635) in paragraph at lines 216--216
[]|\T1/ptm/m/n/10.95 UUID (FK \TS1/cmr/m/n/10.95 ^^Y
 []

Package textcomp Info: Symbol \textrightarrow not provided by
(textcomp)             font family ptm in TS1 encoding.
(textcomp)             Default family used instead on input line 216.

Underfull \hbox (badness 2635) in paragraph at lines 216--216
[]|\T1/ptm/m/n/10.95 UUID (FK \TS1/cmr/m/n/10.95 ^^Y
 []

Package textcomp Info: Symbol \textrightarrow not provided by
(textcomp)             font family ptm in TS1 encoding.
(textcomp)             Default family used instead on input line 216.

Underfull \hbox (badness 2635) in paragraph at lines 216--216
[]|\T1/ptm/m/n/10.95 UUID (FK \TS1/cmr/m/n/10.95 ^^Y
 []


Underfull \hbox (badness 10000) in paragraph at lines 216--216
[]|\T1/ptm/m/n/10.95 Rôle dans le pro-jet
 []


Overfull \hbox (7.32881pt too wide) in paragraph at lines 216--216
[]|\T1/ptm/b/n/10.95 GitHubRepository| 
 []


Overfull \hbox (7.32881pt too wide) in paragraph at lines 216--216
[]|\T1/ptm/b/n/10.95 GitHubRepository| 
 []

Package textcomp Info: Symbol \textrightarrow not provided by
(textcomp)             font family ptm in TS1 encoding.
(textcomp)             Default family used instead on input line 216.

Underfull \hbox (badness 2635) in paragraph at lines 216--216
[]|\T1/ptm/m/n/10.95 UUID (FK \TS1/cmr/m/n/10.95 ^^Y
 []


Overfull \hbox (7.32881pt too wide) in paragraph at lines 216--216
[]|\T1/ptm/b/n/10.95 GitHubRepository| 
 []


Underfull \hbox (badness 3895) in paragraph at lines 216--216
[]|\T1/ptm/m/n/10.95 Token OAuth Gi-tHub chif-fré avec
 []


Overfull \hbox (7.32881pt too wide) in paragraph at lines 216--216
[]|\T1/ptm/b/n/10.95 GitHubRepository| 
 []


Overfull \hbox (7.32881pt too wide) in paragraph at lines 216--216
[]|\T1/ptm/b/n/10.95 GitHubRepository| 
 []

Package textcomp Info: Symbol \textrightarrow not provided by
(textcomp)             font family ptm in TS1 encoding.
(textcomp)             Default family used instead on input line 216.

Underfull \hbox (badness 2635) in paragraph at lines 216--216
[]|\T1/ptm/m/n/10.95 UUID (FK \TS1/cmr/m/n/10.95 ^^Y
 []


Underfull \hbox (badness 2617) in paragraph at lines 216--216
[]|\T1/ptm/m/n/10.95 Nom des-crip-tif de la clé (ex. : ^^S
 []


Underfull \hbox (badness 10000) in paragraph at lines 216--216
[]|\T1/ptm/m/n/10.95 DateTime
 []

[45] [46] [47] [48]) [49]
\openout2 = `chapters/09-Chapitre5.aux'.

 (chapters/09-Chapitre5.tex
Chapitre 5.

Underfull \hbox (badness 10000) in paragraph at lines 2--2

 []


Underfull \hbox (badness 5519) in paragraph at lines 51--51
[]|\T1/ptm/m/n/10.95 En tant que dé-ve-lop-peur, je
 []


Underfull \hbox (badness 2662) in paragraph at lines 51--51
\T1/cmtt/m/n/10.95 method="github" \T1/ptm/m/n/10.95 et en-queue
 []


Underfull \hbox (badness 4168) in paragraph at lines 51--51
\T1/ptm/m/n/10.95 Sem-grep (\T1/cmtt/m/n/10.95 semgrep --json\T1/ptm/m/n/10.95 
) et
 []


Underfull \hbox (badness 5050) in paragraph at lines 51--51
[]|\T1/ptm/m/n/10.95 En tant que dé-ve-lop-peur ou
 []


Underfull \hbox (badness 10000) in paragraph at lines 51--51
[]|\T1/ptm/m/n/10.95 Émettre des
 []


Underfull \hbox (badness 10000) in paragraph at lines 51--51
\T1/ptm/m/n/10.95 évé-ne-ments So-cket.IO
 []


Underfull \hbox (badness 10000) in paragraph at lines 51--51
\T1/ptm/m/n/10.95 (\T1/cmtt/m/n/10.95 scan.status_changed\T1/ptm/m/n/10.95 ,
 []


Underfull \hbox (badness 10000) in paragraph at lines 51--51
\T1/cmtt/m/n/10.95 scan.vuln_found\T1/ptm/m/n/10.95 ) de-puis
 []


Underfull \hbox (badness 3118) in paragraph at lines 51--51
\T1/ptm/m/n/10.95 le wor-ker Ce-lery, sco-pés par
 []


Underfull \hbox (badness 10000) in paragraph at lines 51--51
\T1/cmtt/m/n/10.95 method="dast" \T1/ptm/m/n/10.95 et en-queue
 []


Underfull \hbox (badness 4792) in paragraph at lines 51--51
[]|\T1/ptm/m/n/10.95 Développer le wor-ker Ce-lery
 []


Underfull \hbox (badness 1331) in paragraph at lines 51--51
\T1/ptm/m/n/10.95 DAST : contexte ZAP, spi-der,
 []


Underfull \hbox (badness 5331) in paragraph at lines 51--51
\T1/ptm/m/n/10.95 je peux consul-ter le rap-port
 []


Underfull \hbox (badness 6559) in paragraph at lines 51--51
[]|\T1/ptm/m/n/10.95 Normaliser les sor-ties SAST
 []


Underfull \hbox (badness 10000) in paragraph at lines 51--51
\T1/ptm/m/n/10.95 (SA-RIF/JSON Ban-dit) et
 []


Underfull \hbox (badness 10000) in paragraph at lines 51--51
\T1/ptm/m/n/10.95 DAST (alertes ZAP) vers
 []


Underfull \hbox (badness 1337) in paragraph at lines 51--51
\T1/cmtt/m/n/10.95 Vulnerability \T1/ptm/m/n/10.95 avec map-ping
 []


Underfull \hbox (badness 10000) in paragraph at lines 51--51
[]|\T1/ptm/m/n/10.95 Calculer et per-sis-ter le
 []


Underfull \hbox (badness 3701) in paragraph at lines 51--51
\T1/cmtt/m/n/10.95 RiskScore \T1/ptm/m/n/10.95 (agré-ga-tion CVSS
 []

[50




] [51]
Underfull \hbox (badness 6559) in paragraph at lines 75--76
[]\T1/ptm/b/n/12 Utilisation dans In-vi-si-Threat. \T1/ptm/m/n/12 À la ré-cep-t
ion d'un \T1/cmtt/m/n/12 POST /scans\T1/ptm/m/n/12 , l'API crée
 []


Underfull \hbox (badness 2799) in paragraph at lines 81--82
\T1/ptm/m/n/12 of-frant une com-mu-ni-ca-tion bi-di-rec-tion-nelle temps réel v
ia Web-So-cket (avec fall-back
 []


Underfull \hbox (badness 10000) in paragraph at lines 83--84
[]\T1/ptm/b/n/12 Utilisation dans In-vi-si-Threat. \T1/ptm/m/n/12 Les wor-kers 
Ce-lery pu-blient des évé-ne-ments
 []

Package textcomp Info: Symbol \textrightarrow not provided by
(textcomp)             font family ptm in TS1 encoding.
(textcomp)             Default family used instead on input line 89.
[52]
Underfull \hbox (badness 1661) in paragraph at lines 139--139
[]|\T1/cmtt/m/n/10.95 Scan \T1/ptm/m/n/10.95 créé avec \T1/cmtt/m/n/10.95 metho
d="github" \T1/ptm/m/n/10.95 ou \T1/cmtt/m/n/10.95 "cli"\T1/ptm/m/n/10.95 , \T1
/cmtt/m/n/10.95 status="completed"\T1/ptm/m/n/10.95 .
 []


Underfull \hbox (badness 10000) in paragraph at lines 139--139
[]|\T1/ptm/m/n/10.95 1. L'uti-li-sa-teur sou-met \T1/cmtt/m/n/10.95 POST /scans
 \T1/ptm/m/n/10.95 avec \T1/cmtt/m/n/10.95 project_id \T1/ptm/m/n/10.95 et
 []


Underfull \hbox (badness 10000) in paragraph at lines 139--139
\T1/ptm/m/n/10.95 5. Le scan passe à \T1/cmtt/m/n/10.95 status="completed" \T1/
ptm/m/n/10.95 ; So-cket.IO émet
 []

[53]
Underfull \hbox (badness 10000) in paragraph at lines 173--173
\T1/ptm/m/n/10.95 6. Le scan passe à \T1/cmtt/m/n/10.95 status="completed" \T1/
ptm/m/n/10.95 ; So-cket.IO émet
 []

[54] [55]
Package textcomp Info: Symbol \textrightarrow not provided by
(textcomp)             font family ptm in TS1 encoding.
(textcomp)             Default family used instead on input line 223.

Underfull \hbox (badness 2635) in paragraph at lines 223--223
[]|\T1/ptm/m/n/10.95 UUID (FK \TS1/cmr/m/n/10.95 ^^Y
 []


Underfull \hbox (badness 10000) in paragraph at lines 223--223
[]|\T1/ptm/m/n/10.95 Méthode de dé-clen-che-ment
 []


Underfull \hbox (badness 10000) in paragraph at lines 223--223
[]|\T1/ptm/m/n/10.95 État du scan
 []


Overfull \hbox (9.06982pt too wide) in paragraph at lines 223--223
\T1/ptm/m/n/10.95 (\T1/cmtt/m/n/10.95 pending\T1/ptm/m/n/10.95 /\T1/cmtt/m/n/10
.95 running\T1/ptm/m/n/10.95 /\T1/cmtt/m/n/10.95 completed\T1/ptm/m/n/10.95 /\T
1/cmtt/m/n/10.95 failed\T1/ptm/m/n/10.95 )| 
 []


Underfull \hbox (badness 2409) in paragraph at lines 223--223
[]|\T1/ptm/m/n/10.95 Métadonnées de pro-gres-sion Ce-lery
 []

Package textcomp Info: Symbol \textrightarrow not provided by
(textcomp)             font family ptm in TS1 encoding.
(textcomp)             Default family used instead on input line 223.

Underfull \hbox (badness 2635) in paragraph at lines 223--223
[]|\T1/ptm/m/n/10.95 UUID (FK \TS1/cmr/m/n/10.95 ^^Y
 []


Underfull \hbox (badness 10000) in paragraph at lines 223--223
[]|\T1/ptm/m/n/10.95 Sévérité nor-ma-li-sée
 []


Underfull \hbox (badness 10000) in paragraph at lines 223--223
[]|\T1/ptm/m/n/10.95 État de trai-te-ment
 []


Overfull \hbox (130.9396pt too wide) in paragraph at lines 223--223
\T1/ptm/m/n/10.95 (\T1/cmtt/m/n/10.95 open\T1/ptm/m/n/10.95 /\T1/cmtt/m/n/10.95
 in_progress\T1/ptm/m/n/10.95 /\T1/cmtt/m/n/10.95 resolved\T1/ptm/m/n/10.95 /\T
1/cmtt/m/n/10.95 false_positive\T1/ptm/m/n/10.95 /\T1/cmtt/m/n/10.95 risk_accep
ted\T1/ptm/m/n/10.95 )| 
 []

Package textcomp Info: Symbol \textrightarrow not provided by
(textcomp)             font family ptm in TS1 encoding.
(textcomp)             Default family used instead on input line 223.

Underfull \hbox (badness 2635) in paragraph at lines 223--223
[]|\T1/ptm/m/n/10.95 UUID (FK \TS1/cmr/m/n/10.95 ^^Y
 []


Underfull \hbox (badness 10000) in paragraph at lines 223--223
[]|\T1/ptm/m/n/10.95 Score agrégé pon-déré par CVSS
 []


Underfull \hbox (badness 10000) in paragraph at lines 223--223
[]|\T1/ptm/m/n/10.95 Niveau qua-li-ta-tif
 []

[56] [57]
Underfull \hbox (badness 3333) in paragraph at lines 241--242
[]\T1/ptm/m/n/12 Le dia-gramme DS-3b (fi-gure []5.4[]) dé-crit le flux DAST se-
lon la no-ta-tion BCE.
 []

[58]
Package textcomp Info: Symbol \textrightarrow not provided by
(textcomp)             font family ptm in TS1 encoding.
(textcomp)             Default family used instead on input line 291.
Package textcomp Info: Symbol \textrightarrow not provided by
(textcomp)             font family ptm in TS1 encoding.
(textcomp)             Default family used instead on input line 291.

Underfull \hbox (badness 3199) in paragraph at lines 291--291
\T1/ptm/m/n/10.95 2. Ob-ser-ver les évé-ne-ments So-cket.IO : \T1/cmtt/m/n/10.9
5 pending \TS1/cmr/m/n/10.95 ^^Y \T1/cmtt/m/n/10.95 running \TS1/cmr/m/n/10.95 
^^Y
 []


Overfull \hbox (24.27704pt too wide) in paragraph at lines 291--291
\T1/ptm/m/n/10.95 3. Ap-pe-ler \T1/cmtt/m/n/10.95 GET /scans/{id}/vulnerabiliti
es?severity=critical,high\T1/ptm/m/n/10.95 . 
 []

[59]
Underfull \hbox (badness 1365) in paragraph at lines 332--333
[]\T1/ptm/m/n/12 Ce sprint est dé-dié à l'in-té-gra-tion des ana-lyses sta-tiqu
es (SAST) dans le pi-pe-line
 []

[60]
Underfull \hbox (badness 10000) in paragraph at lines 342--343
[]\T1/ptm/m/n/12 normaliser les sor-ties hé-té-ro-gènes (SA-RIF, JSON Ban-dit) 
vers le mo-dèle
 []


Underfull \hbox (badness 10000) in paragraph at lines 343--344
[]\T1/ptm/m/n/12 exposer le rap-port SAST nor-ma-lisé fil-trable par sé-vé-rité

 []


Underfull \hbox (badness 2080) in paragraph at lines 374--374
\T1/ptm/m/n/10.95 lan-cer un scan SAST sur un
 []


Underfull \hbox (badness 10000) in paragraph at lines 374--374
[]|\T1/ptm/m/n/10.95 Implémenter l'end-point \T1/cmtt/m/n/10.95 POST
 []


Underfull \hbox (badness 5519) in paragraph at lines 374--374
[]|\T1/ptm/m/n/10.95 En tant que dé-ve-lop-peur, je
 []


Underfull \hbox (badness 10000) in paragraph at lines 374--374
[]|\T1/ptm/m/n/10.95 Exposer \T1/cmtt/m/n/10.95 GET
 []


Overfull \hbox (7.6567pt too wide) in paragraph at lines 374--374
\T1/cmtt/m/n/10.95 /scans/{id}/vulnerabilities
 []


Underfull \hbox (badness 10000) in paragraph at lines 374--374
\T1/ptm/m/n/10.95 avec pa-ra-mètre de filtre
 []


Underfull \hbox (badness 4582) in paragraph at lines 374--374
\T1/ptm/m/n/10.95 je peux consul-ter les alertes
 []


Underfull \hbox (badness 10000) in paragraph at lines 374--374
[]|\T1/ptm/m/n/10.95 Implémenter la vue ta-bleau
 []


Underfull \hbox (badness 10000) in paragraph at lines 374--374
\T1/ptm/m/n/10.95 de bord SAST avec
 []


Underfull \hbox (badness 10000) in paragraph at lines 374--374
\T1/ptm/m/n/10.95 agré-ga-tion par sé-vé-rité
 []


Underfull \hbox (badness 10000) in paragraph at lines 374--374
\T1/ptm/m/n/10.95 (\T1/cmtt/m/n/10.95 VulnerabilitySeverity
 []


Underfull \hbox (badness 10000) in paragraph at lines 374--374
[]|\T1/ptm/m/n/10.95 Émettre des évé-ne-ments
 []


Underfull \hbox (badness 2781) in paragraph at lines 374--374
\T1/ptm/m/n/10.95 So-cket.IO (na-mes-paces sco-pés
 []

[61] [62]
Package textcomp Info: Symbol \textrightarrow not provided by
(textcomp)             font family ptm in TS1 encoding.
(textcomp)             Default family used instead on input line 400.
 [63]
Underfull \hbox (badness 1412) in paragraph at lines 453--453
[]|\T1/ptm/m/n/10.95 1. L'uti-li-sa-teur sou-met \T1/cmtt/m/n/10.95 POST /scans
 \T1/ptm/m/n/10.95 avec \T1/cmtt/m/n/10.95 project_id \T1/ptm/m/n/10.95 et \T1/
cmtt/m/n/10.95 method =
 []


Overfull \hbox (76.48592pt too wide) in paragraph at lines 484--484
\T1/ptm/m/n/10.95 3. Le sys-tème re-tourne \T1/cmtt/m/n/10.95 GET /scans/{id}/v
ulnerabilities?severity=critical,high\T1/ptm/m/n/10.95 . 
 []

[64]
Package textcomp Info: Symbol \textrightarrow not provided by
(textcomp)             font family ptm in TS1 encoding.
(textcomp)             Default family used instead on input line 529.

Underfull \hbox (badness 2635) in paragraph at lines 529--529
[]|\T1/ptm/m/n/10.95 UUID (FK \TS1/cmr/m/n/10.95 ^^Y
 []


Underfull \hbox (badness 10000) in paragraph at lines 529--529
[]|\T1/ptm/m/n/10.95 Méthode de dé-clen-che-ment
 []


Underfull \hbox (badness 10000) in paragraph at lines 529--529
[]|\T1/ptm/m/n/10.95 État du scan
 []


Overfull \hbox (9.06982pt too wide) in paragraph at lines 529--529
\T1/ptm/m/n/10.95 (\T1/cmtt/m/n/10.95 pending\T1/ptm/m/n/10.95 /\T1/cmtt/m/n/10
.95 running\T1/ptm/m/n/10.95 /\T1/cmtt/m/n/10.95 completed\T1/ptm/m/n/10.95 /\T
1/cmtt/m/n/10.95 failed\T1/ptm/m/n/10.95 )| 
 []


Underfull \hbox (badness 1281) in paragraph at lines 529--529
[]|\T1/ptm/m/n/10.95 Métadonnées de pro-gres-sion du job
 []

Package textcomp Info: Symbol \textrightarrow not provided by
(textcomp)             font family ptm in TS1 encoding.
(textcomp)             Default family used instead on input line 529.

Underfull \hbox (badness 2635) in paragraph at lines 529--529
[]|\T1/ptm/m/n/10.95 UUID (FK \TS1/cmr/m/n/10.95 ^^Y
 []


Underfull \hbox (badness 3312) in paragraph at lines 529--529
[]|\T1/ptm/m/n/10.95 Titre de la vul-né-ra-bi-lité (is-sue du
 []


Underfull \hbox (badness 10000) in paragraph at lines 529--529
[]|\T1/ptm/m/n/10.95 Niveau de sé-vé-rité
 []


Underfull \hbox (badness 10000) in paragraph at lines 529--529
[]|\T1/ptm/m/n/10.95 État de trai-te-ment
 []


Overfull \hbox (130.9396pt too wide) in paragraph at lines 529--529
\T1/ptm/m/n/10.95 (\T1/cmtt/m/n/10.95 open\T1/ptm/m/n/10.95 /\T1/cmtt/m/n/10.95
 in_progress\T1/ptm/m/n/10.95 /\T1/cmtt/m/n/10.95 resolved\T1/ptm/m/n/10.95 /\T
1/cmtt/m/n/10.95 false_positive\T1/ptm/m/n/10.95 /\T1/cmtt/m/n/10.95 risk_accep
ted\T1/ptm/m/n/10.95 )| 
 []


Underfull \hbox (badness 10000) in paragraph at lines 529--529
[]|\T1/ptm/m/n/10.95 Score CVSS de la vul-né-ra-bi-lité
 []

[65] [66]
Underfull \hbox (badness 2512) in paragraph at lines 547--548
\T1/ptm/m/n/12 (boun-dary ^^V com-po-sant React abonné au na-mes-pace So-cket.I
O \T1/cmtt/m/n/12 /scans/{scan_id}\T1/ptm/m/n/12 )
 []


Underfull \hbox (badness 1521) in paragraph at lines 560--561
[]\T1/ptm/m/n/12 Les wor-kers Ce-lery exé-cutent Sem-grep (\T1/cmtt/m/n/12 semg
rep --config auto --json\T1/ptm/m/n/12 ) et Ban-dit
 []

Package textcomp Info: Symbol \textrightarrow not provided by
(textcomp)             font family ptm in TS1 encoding.
(textcomp)             Default family used instead on input line 592.
Package textcomp Info: Symbol \textrightarrow not provided by
(textcomp)             font family ptm in TS1 encoding.
(textcomp)             Default family used instead on input line 592.

Underfull \hbox (badness 2951) in paragraph at lines 592--592
\T1/ptm/m/n/10.95 3. Ob-ser-ver les évé-ne-ments So-cket.IO : \T1/cmtt/m/n/10.9
5 scan.status_changed \T1/ptm/m/n/10.95 de
 []


Underfull \hbox (badness 2591) in paragraph at lines 592--592
\T1/ptm/m/n/10.95 4. Ap-pe-ler \T1/cmtt/m/n/10.95 GET /scans/{id}/vulnerabiliti
es \T1/ptm/m/n/10.95 et vé-ri-fier que les
 []

[67]) [68] [69]
\openout2 = `chapters/12-Chapitre6.aux'.

 (chapters/12-Chapitre6.tex
Chapitre 6.

Underfull \hbox (badness 10000) in paragraph at lines 2--2

 []

Package textcomp Info: Symbol \textrightarrow not provided by
(textcomp)             font family ptm in TS1 encoding.
(textcomp)             Default family used instead on input line 15.
Package textcomp Info: Symbol \textrightarrow not provided by
(textcomp)             font family ptm in TS1 encoding.
(textcomp)             Default family used instead on input line 15.
Package textcomp Info: Symbol \textrightarrow not provided by
(textcomp)             font family ptm in TS1 encoding.
(textcomp)             Default family used instead on input line 15.

Underfull \hbox (badness 1354) in paragraph at lines 17--18
[]\T1/ptm/m/n/12 émettre des no-ti-fi-ca-tions (\T1/cmtt/m/n/12 Notification\T1
/ptm/m/n/12 ) sur chaque évé-ne-ment clé (as-si-gna-tion,
 []


Underfull \hbox (badness 5133) in paragraph at lines 53--53
\T1/ptm/m/n/10.95 je peux créer une tâche de
 []


Underfull \hbox (badness 10000) in paragraph at lines 53--53
\T1/ptm/m/n/10.95 re-mé-dia-tion à par-tir d'une
 []


Underfull \hbox (badness 10000) in paragraph at lines 53--53
\T1/ptm/m/n/10.95 vul-né-ra-bi-lité dé-tec-tée et
 []


Underfull \hbox (badness 10000) in paragraph at lines 53--53
[]|\T1/ptm/m/n/10.95 Implémenter \T1/cmtt/m/n/10.95 POST
 []


Underfull \hbox (badness 10000) in paragraph at lines 53--53
\T1/cmtt/m/n/10.95 /vulnerability-tasks
 []


Underfull \hbox (badness 10000) in paragraph at lines 53--53
\T1/ptm/m/n/10.95 avec créa-tion de
 []


Underfull \hbox (badness 10000) in paragraph at lines 53--53
\T1/cmtt/m/n/10.95 VulnerabilityTask \T1/ptm/m/n/10.95 liée
 []


Underfull \hbox (badness 10000) in paragraph at lines 53--53
\T1/ptm/m/n/10.95 à une \T1/cmtt/m/n/10.95 Vulnerability \T1/ptm/m/n/10.95 par
 []


Underfull \hbox (badness 10000) in paragraph at lines 53--53
[]|\T1/ptm/m/n/10.95 Implémenter l'as-si-gna-tion
 []


Underfull \hbox (badness 7704) in paragraph at lines 53--53
\T1/ptm/m/n/10.95 (\T1/cmtt/m/n/10.95 assignee_id\T1/ptm/m/n/10.95 , \T1/cmtt/m
/n/10.95 due_date\T1/ptm/m/n/10.95 ) et
 []


Underfull \hbox (badness 7522) in paragraph at lines 53--53
\T1/ptm/m/n/10.95 dé-clen-cher la créa-tion d'une
 []


Underfull \hbox (badness 10000) in paragraph at lines 53--53
[]|\T1/ptm/m/n/10.95 Exposer \T1/cmtt/m/n/10.95 GET
 []


Overfull \hbox (52.92366pt too wide) in paragraph at lines 53--53
\T1/cmtt/m/n/10.95 /vulnerability-tasks?assignee_id=me
 []


Underfull \hbox (badness 10000) in paragraph at lines 53--53
\T1/ptm/m/n/10.95 et \T1/cmtt/m/n/10.95 PUT
 []


Overfull \hbox (38.68604pt too wide) in paragraph at lines 53--53
\T1/cmtt/m/n/10.95 /vulnerability-tasks/{id}/status\T1/ptm/m/n/10.95 .| 
 []


Underfull \hbox (badness 10000) in paragraph at lines 53--53
[]|\T1/ptm/m/n/10.95 Valider les tran-si-tions
 []


Underfull \hbox (badness 10000) in paragraph at lines 53--53
\T1/ptm/m/n/10.95 d'état au-to-ri-sées
 []


Overfull \hbox (37.05363pt too wide) in paragraph at lines 53--53
\T1/ptm/m/n/10.95 (\T1/cmtt/m/n/10.95 open\TS1/cmtt/m/n/10.95 ^^Y\T1/cmtt/m/n/1
0.95 in_progress\TS1/cmtt/m/n/10.95 ^^Y\T1/cmtt/m/n/10.95 fixed\TS1/cmtt/m/n/10
.95 ^^Y\T1/cmtt/m/n/10.95 verified\T1/ptm/m/n/10.95 )
 []


Underfull \hbox (badness 10000) in paragraph at lines 53--53
[]|\T1/ptm/m/n/10.95 Implémenter \T1/cmtt/m/n/10.95 POST
 []


Overfull \hbox (47.26529pt too wide) in paragraph at lines 53--53
\T1/cmtt/m/n/10.95 /vulnerability-tasks/{id}/comments
 []


Underfull \hbox (badness 10000) in paragraph at lines 53--53
\T1/ptm/m/n/10.95 avec créa-tion de
 []


Underfull \hbox (badness 10000) in paragraph at lines 53--53
\T1/ptm/m/n/10.95 des no-ti-fi-ca-tions temps réel
 []


Underfull \hbox (badness 3907) in paragraph at lines 53--53
\T1/ptm/m/n/10.95 pour les évé-ne-ments qui me
 []


Underfull \hbox (badness 1533) in paragraph at lines 53--53
[]|\T1/ptm/m/n/10.95 Exposer \T1/cmtt/m/n/10.95 GET /notifications
 []


Underfull \hbox (badness 10000) in paragraph at lines 53--53
[]|\T1/ptm/m/n/10.95 Émettre des évé-ne-ments
 []


Underfull \hbox (badness 10000) in paragraph at lines 53--53
\T1/ptm/m/n/10.95 So-cket.IO (\T1/cmtt/m/n/10.95 task.assigned\T1/ptm/m/n/10.95
 ,
 []


Underfull \hbox (badness 10000) in paragraph at lines 53--53
\T1/cmtt/m/n/10.95 task.status_changed\T1/ptm/m/n/10.95 ,
 []


Underfull \hbox (badness 10000) in paragraph at lines 53--53
\T1/cmtt/m/n/10.95 task.commented\T1/ptm/m/n/10.95 ) vers la
 []

[70




] [71]
Package textcomp Info: Symbol \textrightarrow not provided by
(textcomp)             font family ptm in TS1 encoding.
(textcomp)             Default family used instead on input line 63.

Underfull \hbox (badness 5607) in paragraph at lines 71--72
[]\T1/ptm/b/n/12 Utilisation dans In-vi-si-Threat. \T1/ptm/m/n/12 Chaque évé-ne
-ment clé (as-si-gna-tion d'une tâche,
 []


Underfull \hbox (badness 2080) in paragraph at lines 71--72
\T1/ptm/m/n/12 chan-ge-ment d'état, nou-veau com-men-taire, fin de scan) crée u
ne ou plu-sieurs en-ti-tés
 []

[72]
Underfull \hbox (badness 4001) in paragraph at lines 125--125
\T1/ptm/m/n/10.95 2. Il crée une tâche (\T1/cmtt/m/n/10.95 POST /vulnerability-
tasks\T1/ptm/m/n/10.95 ) en spé-ci-fiant
 []


Underfull \hbox (badness 4886) in paragraph at lines 158--158
[]|\T1/ptm/m/n/10.95 Faire évo-luer le sta-tut d'une \T1/cmtt/m/n/10.95 Vulnera
bilityTask \T1/ptm/m/n/10.95 se-lon le cycle
 []


Underfull \hbox (badness 1308) in paragraph at lines 158--158
[]|\T1/ptm/m/n/10.95 Statut mis à jour. \T1/cmtt/m/n/10.95 VulnerabilityTaskCom
ment \T1/ptm/m/n/10.95 créé si com-men-taire.
 []


Underfull \hbox (badness 10000) in paragraph at lines 158--158
\T1/ptm/m/n/10.95 2. Il ajoute un com-men-taire ex-pli-quant son ap-proche (\T1
/cmtt/m/n/10.95 POST
 []

[73]
Underfull \hbox (badness 6542) in paragraph at lines 166--167
\T1/ptm/m/n/12 col-la-bo-ra-tif. \T1/cmtt/m/n/12 VulnerabilityTask \T1/ptm/m/n/
12 est l'en-tité cen-trale, liée à \T1/cmtt/m/n/12 Vulnerability \T1/ptm/m/n/12
 (via
 []


Underfull \hbox (badness 2173) in paragraph at lines 166--167
\T1/cmtt/m/n/12 fingerprint\T1/ptm/m/n/12 ) et à \T1/cmtt/m/n/12 User \T1/ptm/m
/n/12 (via \T1/cmtt/m/n/12 assignee_id\T1/ptm/m/n/12 ). \T1/cmtt/m/n/12 Vulnera
bilityTaskComment \T1/ptm/m/n/12 est lié à
 []

[74]
Overfull \hbox (4.10956pt too wide) in paragraph at lines 211--211
[]|\T1/ptm/b/n/10.95 VulnerabilityTask| 
 []


Overfull \hbox (4.10956pt too wide) in paragraph at lines 211--211
[]|\T1/ptm/b/n/10.95 VulnerabilityTask| 
 []

Package textcomp Info: Symbol \textrightarrow not provided by
(textcomp)             font family ptm in TS1 encoding.
(textcomp)             Default family used instead on input line 211.

Underfull \hbox (badness 2635) in paragraph at lines 211--211
[]|\T1/ptm/m/n/10.95 UUID (FK \TS1/cmr/m/n/10.95 ^^Y
 []


Overfull \hbox (4.10956pt too wide) in paragraph at lines 211--211
[]|\T1/ptm/b/n/10.95 VulnerabilityTask| 
 []

Package textcomp Info: Symbol \textrightarrow not provided by
(textcomp)             font family ptm in TS1 encoding.
(textcomp)             Default family used instead on input line 211.

Underfull \hbox (badness 2635) in paragraph at lines 211--211
[]|\T1/ptm/m/n/10.95 UUID (FK \TS1/cmr/m/n/10.95 ^^Y
 []


Overfull \hbox (4.10956pt too wide) in paragraph at lines 211--211
[]|\T1/ptm/b/n/10.95 VulnerabilityTask| 
 []


Underfull \hbox (badness 10000) in paragraph at lines 211--211
[]|\T1/ptm/m/n/10.95 Empreinte de la vul-né-ra-bi-lité
 []


Overfull \hbox (4.10956pt too wide) in paragraph at lines 211--211
[]|\T1/ptm/b/n/10.95 VulnerabilityTask| 
 []


Overfull \hbox (4.10956pt too wide) in paragraph at lines 211--211
[]|\T1/ptm/b/n/10.95 VulnerabilityTask| 
 []


Underfull \hbox (badness 1226) in paragraph at lines 211--211
[]|\T1/ptm/m/n/10.95 Sévérité hé-ri-tée de la vul-né-ra-bi-lité
 []


Overfull \hbox (4.10956pt too wide) in paragraph at lines 211--211
[]|\T1/ptm/b/n/10.95 VulnerabilityTask| 
 []


Underfull \hbox (badness 10000) in paragraph at lines 211--211
[]|\T1/ptm/m/n/10.95 État de la tâche
 []


Overfull \hbox (9.10191pt too wide) in paragraph at lines 211--211
\T1/ptm/m/n/10.95 (\T1/cmtt/m/n/10.95 open\T1/ptm/m/n/10.95 /\T1/cmtt/m/n/10.95
 in_progress\T1/ptm/m/n/10.95 /\T1/cmtt/m/n/10.95 fixed\T1/ptm/m/n/10.95 /\T1/c
mtt/m/n/10.95 verified\T1/ptm/m/n/10.95 )| 
 []


Overfull \hbox (4.10956pt too wide) in paragraph at lines 211--211
[]|\T1/ptm/b/n/10.95 VulnerabilityTask| 
 []

Package textcomp Info: Symbol \textrightarrow not provided by
(textcomp)             font family ptm in TS1 encoding.
(textcomp)             Default family used instead on input line 211.

Underfull \hbox (badness 2635) in paragraph at lines 211--211
[]|\T1/ptm/m/n/10.95 UUID (FK \TS1/cmr/m/n/10.95 ^^Y
 []


Overfull \hbox (4.10956pt too wide) in paragraph at lines 211--211
[]|\T1/ptm/b/n/10.95 VulnerabilityTask| 
 []


Overfull \hbox (50.32916pt too wide) in paragraph at lines 211--211
[]|\T1/ptm/b/n/10.95 VulnerabilityTaskComment| 
 []


Overfull \hbox (50.32916pt too wide) in paragraph at lines 211--211
[]|\T1/ptm/b/n/10.95 VulnerabilityTaskComment| 
 []

Package textcomp Info: Symbol \textrightarrow not provided by
(textcomp)             font family ptm in TS1 encoding.
(textcomp)             Default family used instead on input line 211.

Underfull \hbox (badness 2635) in paragraph at lines 211--211
[]|\T1/ptm/m/n/10.95 UUID (FK \TS1/cmr/m/n/10.95 ^^Y
 []


Overfull \hbox (10.10513pt too wide) in paragraph at lines 211--211
\T1/ptm/m/n/10.95 Vul-ne-ra-bi-li-ty-Task)| 
 []


Overfull \hbox (50.32916pt too wide) in paragraph at lines 211--211
[]|\T1/ptm/b/n/10.95 VulnerabilityTaskComment| 
 []

Package textcomp Info: Symbol \textrightarrow not provided by
(textcomp)             font family ptm in TS1 encoding.
(textcomp)             Default family used instead on input line 211.

Underfull \hbox (badness 2635) in paragraph at lines 211--211
[]|\T1/ptm/m/n/10.95 UUID (FK \TS1/cmr/m/n/10.95 ^^Y
 []


Overfull \hbox (50.32916pt too wide) in paragraph at lines 211--211
[]|\T1/ptm/b/n/10.95 VulnerabilityTaskComment| 
 []


Overfull \hbox (50.32916pt too wide) in paragraph at lines 211--211
[]|\T1/ptm/b/n/10.95 VulnerabilityTaskComment| 
 []

Package textcomp Info: Symbol \textrightarrow not provided by
(textcomp)             font family ptm in TS1 encoding.
(textcomp)             Default family used instead on input line 211.

Underfull \hbox (badness 2635) in paragraph at lines 211--211
[]|\T1/ptm/m/n/10.95 UUID (FK \TS1/cmr/m/n/10.95 ^^Y
 []


Underfull \hbox (badness 10000) in paragraph at lines 211--211
[]|\T1/ptm/m/n/10.95 Type (\T1/ptm/m/it/10.95 task_assigned\T1/ptm/m/n/10.95 ,
 []


Underfull \hbox (badness 10000) in paragraph at lines 211--211
\T1/ptm/m/it/10.95 task_status_changed\T1/ptm/m/n/10.95 ,
 []

[75] [76]
Underfull \hbox (badness 1521) in paragraph at lines 231--232
\T1/ptm/m/n/12 côté API : seules les tran-si-tions au-to-ri-sées (\T1/cmtt/m/n/
12 open\TS1/cmtt/m/n/12 ^^Y\T1/cmtt/m/n/12 in_progress\T1/ptm/m/n/12 , \T1/cmtt
/m/n/12 in_progress\TS1/cmtt/m/n/12 ^^Y\T1/cmtt/m/n/12 fixed\T1/ptm/m/n/12 ,
 []


Underfull \hbox (badness 5189) in paragraph at lines 234--235
[]\T1/ptm/m/n/12 L'ajout d'un com-men-taire (\T1/cmtt/m/n/12 VulnerabilityTaskC
omment\T1/ptm/m/n/12 ) no-ti-fie au-to-ma-ti-que-ment
 []

Package textcomp Info: Symbol \textrightarrow not provided by
(textcomp)             font family ptm in TS1 encoding.
(textcomp)             Default family used instead on input line 268.
Package textcomp Info: Symbol \textrightarrow not provided by
(textcomp)             font family ptm in TS1 encoding.
(textcomp)             Default family used instead on input line 268.
Package textcomp Info: Symbol \textrightarrow not provided by
(textcomp)             font family ptm in TS1 encoding.
(textcomp)             Default family used instead on input line 268.

Underfull \hbox (badness 1406) in paragraph at lines 268--268
[]|\T1/ptm/m/n/10.95 1. Se-cu-rity Ma-na-ger : \T1/cmtt/m/n/10.95 POST /vulnera
bility-tasks \T1/ptm/m/n/10.95 (as-si-gna-tion au
 []


Underfull \hbox (badness 10000) in paragraph at lines 268--268
\T1/ptm/m/n/10.95 2. Vé-ri-fier \T1/cmtt/m/n/10.95 Notification \T1/ptm/m/n/10.
95 créée pour le dé-ve-lop-peur
 []


Underfull \hbox (badness 10000) in paragraph at lines 268--268
\T1/ptm/m/n/10.95 3. Dé-ve-lop-peur : \T1/cmtt/m/n/10.95 PUT /vulnerability-tas
ks/{id}/status \TS1/cmr/m/n/10.95 ^^Y
 []


Underfull \hbox (badness 10000) in paragraph at lines 268--268
\T1/ptm/m/n/10.95 4. Dé-ve-lop-peur : \T1/cmtt/m/n/10.95 POST /vulnerability-ta
sks/{id}/comments
 []


Underfull \hbox (badness 3068) in paragraph at lines 268--268
[]|\T1/ptm/m/n/10.95 Tâche à l'état \T1/cmtt/m/n/10.95 verified\T1/ptm/m/n/10.9
5 . Toutes les no-ti-fi-ca-tions créées. Tous les
 []

[77]
Underfull \hbox (badness 10000) in paragraph at lines 275--276
[]\T1/ptm/m/n/12 Ce sprint a été dé-ve-loppé sur la branche \T1/cmtt/m/n/12 fea
ture/sprint4-vuln-workflow\T1/ptm/m/n/12 .
 []


Underfull \hbox (badness 10000) in paragraph at lines 275--276
\T1/ptm/m/n/12 Les mi-gra-tions Alem-bic ajou-tant les tables \T1/cmtt/m/n/12 v
ulnerability_tasks\T1/ptm/m/n/12 ,
 []


Underfull \hbox (badness 1796) in paragraph at lines 279--280
[]\T1/ptm/m/n/12 Le Sprint 4 a mis en place le sys-tème col-la-bo-ra-tif de ges
-tion des vul-né-ra-bi-li-tés
 []

[78]
Underfull \hbox (badness 2762) in paragraph at lines 291--292
[]\T1/ptm/m/n/12 étendre l'or-ches-tra-tion Ce-lery/Redis au DAST et cal-cu-ler
 le sco-ring de risque
 []


Underfull \hbox (badness 10000) in paragraph at lines 332--332
[]|\T1/ptm/m/n/10.95 Implémenter l'end-point \T1/cmtt/m/n/10.95 POST
 []


Underfull \hbox (badness 7944) in paragraph at lines 332--332
\T1/ptm/m/n/10.95 et dé-clen-che-ment du wor-ker
 []


Underfull \hbox (badness 4792) in paragraph at lines 332--332
[]|\T1/ptm/m/n/10.95 Développer le wor-ker Ce-lery
 []


Underfull \hbox (badness 10000) in paragraph at lines 332--332
[]|\T1/ptm/m/n/10.95 Calculer le \T1/cmtt/m/n/10.95 RiskScore
 []


Underfull \hbox (badness 10000) in paragraph at lines 332--332
\T1/ptm/m/n/10.95 (agré-ga-tion CVSS pon-dé-rée
 []


Underfull \hbox (badness 10000) in paragraph at lines 332--332
[]|\T1/ptm/m/n/10.95 Exposer \T1/cmtt/m/n/10.95 GET
 []


Underfull \hbox (badness 10000) in paragraph at lines 332--332
\T1/cmtt/m/n/10.95 /scans/{id}/risk-score
 []


Underfull \hbox (badness 10000) in paragraph at lines 332--332
\T1/ptm/m/n/10.95 ou dé-ve-lop-peur, je peux
 []


Underfull \hbox (badness 4341) in paragraph at lines 332--332
\T1/ptm/m/n/10.95 gé-rer le cycle de vie d'une
 []


Underfull \hbox (badness 3907) in paragraph at lines 332--332
\T1/ptm/m/n/10.95 vul-né-ra-bi-lité (état, as-si-gna-tion,
 []


Underfull \hbox (badness 10000) in paragraph at lines 332--332
[]|\T1/ptm/m/n/10.95 Implémenter les
 []


Underfull \hbox (badness 10000) in paragraph at lines 332--332
\T1/ptm/m/n/10.95 end-points CRUD pour
 []


Underfull \hbox (badness 10000) in paragraph at lines 332--332
\T1/cmtt/m/n/10.95 VulnerabilityTask
 []


Underfull \hbox (badness 10000) in paragraph at lines 332--332
\T1/ptm/m/n/10.95 avec tran-si-tions d'état
 []


Overfull \hbox (32.68163pt too wide) in paragraph at lines 332--332
\T1/ptm/m/n/10.95 (\T1/cmtt/m/n/10.95 open\T1/ptm/m/n/10.95 /\T1/cmtt/m/n/10.95
 in_progress\T1/ptm/m/n/10.95 /\T1/cmtt/m/n/10.95 fixed\T1/ptm/m/n/10.95 /\T1/c
mtt/m/n/10.95 verified\T1/ptm/m/n/10.95 ).| 
 []


Underfull \hbox (badness 2435) in paragraph at lines 332--332
[]|\T1/ptm/m/n/10.95 Implémenter les com-men-taires
 []


Underfull \hbox (badness 10000) in paragraph at lines 332--332
\T1/ptm/m/n/10.95 (\T1/cmtt/m/n/10.95 VulnerabilityTaskComment\T1/ptm/m/n/10.95
 )
 []


Underfull \hbox (badness 5050) in paragraph at lines 332--332
[]|\T1/ptm/m/n/10.95 En tant que dé-ve-lop-peur ou
 []


Underfull \hbox (badness 10000) in paragraph at lines 332--332
\T1/ptm/m/n/10.95 Se-cu-rity Ma-na-ger, je peux
 []


Underfull \hbox (badness 3229) in paragraph at lines 332--332
\T1/ptm/m/n/10.95 re-mé-dia-tion via l'as-sis-tant IA
 []


Underfull \hbox (badness 10000) in paragraph at lines 332--332
[]|\T1/ptm/m/n/10.95 Intégrer l'adap-ta-teur Ol-lama
 []


Underfull \hbox (badness 10000) in paragraph at lines 332--332
\T1/ptm/m/n/10.95 (mo-dèles Mis-tral/Qwen) pour
 []


Underfull \hbox (badness 10000) in paragraph at lines 332--332
[]|\T1/ptm/m/n/10.95 Persister la re-com-man-da-tion
 []


Underfull \hbox (badness 10000) in paragraph at lines 332--332
\T1/ptm/m/n/10.95 IA dans \T1/cmtt/m/n/10.95 Recommendation
 []


Underfull \hbox (badness 10000) in paragraph at lines 332--332
\T1/ptm/m/n/10.95 (ex-pli-ca-tion, exemple de
 []


Underfull \hbox (badness 10000) in paragraph at lines 332--332
[]|\T1/ptm/m/n/10.95 Implémenter la gé-né-ra-tion
 []


Underfull \hbox (badness 10000) in paragraph at lines 332--332
\T1/ptm/m/n/10.95 de \T1/cmtt/m/n/10.95 SecurityReport \T1/ptm/m/n/10.95 avec
 []

[79] [80]
Package textcomp Info: Symbol \textrightarrow not provided by
(textcomp)             font family ptm in TS1 encoding.
(textcomp)             Default family used instead on input line 342.

Underfull \hbox (badness 3229) in paragraph at lines 348--349
[]\T1/ptm/b/n/12 Description. \T1/ptm/m/n/12 python-socketio est l'im-plé-men-t
a-tion Py-thon du pro-to-cole So-cket.IO,
 []


Underfull \hbox (badness 2027) in paragraph at lines 350--351
\T1/ptm/m/n/12 (\T1/cmtt/m/n/12 scan.status_changed\T1/ptm/m/n/12 , \T1/cmtt/m/
n/12 vulnerability.found\T1/ptm/m/n/12 , \T1/cmtt/m/n/12 task.assigned\T1/ptm/m
/n/12 ) via un ca-nal Re-dis
 []


Underfull \hbox (badness 2012) in paragraph at lines 360--361
[]\T1/ptm/b/n/12 Justification. \T1/ptm/m/n/12 L'uti-li-sa-tion d'un LLM lo-cal
 (Ol-lama) est un dif-fé-ren-cia-teur ma-jeur
 []


Underfull \hbox (badness 1189) in paragraph at lines 360--361
\T1/ptm/m/n/12 sen-sible sans risque de fuite vers des four-nis-seurs cloud, ré
-pon-dant aux exi-gences de
 []

[81]
Underfull \hbox (badness 10000) in paragraph at lines 364--365
[]\T1/ptm/b/n/12 Description. \T1/ptm/m/n/12 Re-port-Lab est une bi-blio-thèque
 Py-thon per-met-tant la gé-né-ra-tion
 []


Underfull \hbox (badness 1024) in paragraph at lines 364--365
\T1/ptm/m/n/12 pro-gram-ma-tique de do-cu-ments PDF, avec sup-port des ta-bleau
x, gra-phiques et mise en
 []


Underfull \hbox (badness 1270) in paragraph at lines 416--416
\T1/ptm/m/n/10.95 5. Les alertes ZAP sont col-lec-tées, nor-ma-li-sées et per-s
is-tées comme
 []

[82]
Package textcomp Info: Symbol \textrightarrow not provided by
(textcomp)             font family ptm in TS1 encoding.
(textcomp)             Default family used instead on input line 450.
Package textcomp Info: Symbol \textrightarrow not provided by
(textcomp)             font family ptm in TS1 encoding.
(textcomp)             Default family used instead on input line 450.
Package textcomp Info: Symbol \textrightarrow not provided by
(textcomp)             font family ptm in TS1 encoding.
(textcomp)             Default family used instead on input line 450.
 [83]
Underfull \hbox (badness 1635) in paragraph at lines 482--482
\T1/ptm/m/n/10.95 pour une vul-né-ra-bi-lité don-née, via un LLM lo-cal (Ol-lam
a, mo-dèles
 []

[84] [85]
Package textcomp Info: Symbol \textrightarrow not provided by
(textcomp)             font family ptm in TS1 encoding.
(textcomp)             Default family used instead on input line 552.

Underfull \hbox (badness 2635) in paragraph at lines 552--552
[]|\T1/ptm/m/n/10.95 UUID (FK \TS1/cmr/m/n/10.95 ^^Y
 []


Underfull \hbox (badness 2772) in paragraph at lines 552--552
[]|\T1/ptm/m/n/10.95 Score de risque agrégé (0.0--10.0,
 []


Underfull \hbox (badness 10000) in paragraph at lines 552--552
[]|\T1/ptm/m/n/10.95 Niveau de risque qua-li-ta-tif
 []


Overfull \hbox (4.10956pt too wide) in paragraph at lines 552--552
[]|\T1/ptm/b/n/10.95 VulnerabilityTask| 
 []


Underfull \hbox (badness 2884) in paragraph at lines 552--552
[]|\T1/ptm/m/n/10.95 Identifiant unique de la tâche de
 []


Overfull \hbox (4.10956pt too wide) in paragraph at lines 552--552
[]|\T1/ptm/b/n/10.95 VulnerabilityTask| 
 []

Package textcomp Info: Symbol \textrightarrow not provided by
(textcomp)             font family ptm in TS1 encoding.
(textcomp)             Default family used instead on input line 552.

Underfull \hbox (badness 2635) in paragraph at lines 552--552
[]|\T1/ptm/m/n/10.95 UUID (FK \TS1/cmr/m/n/10.95 ^^Y
 []


Overfull \hbox (4.10956pt too wide) in paragraph at lines 552--552
[]|\T1/ptm/b/n/10.95 VulnerabilityTask| 
 []

Package textcomp Info: Symbol \textrightarrow not provided by
(textcomp)             font family ptm in TS1 encoding.
(textcomp)             Default family used instead on input line 552.

Underfull \hbox (badness 2635) in paragraph at lines 552--552
[]|\T1/ptm/m/n/10.95 UUID (FK \TS1/cmr/m/n/10.95 ^^Y
 []


Overfull \hbox (4.10956pt too wide) in paragraph at lines 552--552
[]|\T1/ptm/b/n/10.95 VulnerabilityTask| 
 []


Overfull \hbox (4.10956pt too wide) in paragraph at lines 552--552
[]|\T1/ptm/b/n/10.95 VulnerabilityTask| 
 []


Overfull \hbox (4.10956pt too wide) in paragraph at lines 552--552
[]|\T1/ptm/b/n/10.95 VulnerabilityTask| 
 []


Underfull \hbox (badness 1226) in paragraph at lines 552--552
[]|\T1/ptm/m/n/10.95 Sévérité hé-ri-tée de la vul-né-ra-bi-lité
 []


Overfull \hbox (4.10956pt too wide) in paragraph at lines 552--552
[]|\T1/ptm/b/n/10.95 VulnerabilityTask| 
 []


Underfull \hbox (badness 10000) in paragraph at lines 552--552
[]|\T1/ptm/m/n/10.95 État de la tâche
 []


Overfull \hbox (9.10191pt too wide) in paragraph at lines 552--552
\T1/ptm/m/n/10.95 (\T1/cmtt/m/n/10.95 open\T1/ptm/m/n/10.95 /\T1/cmtt/m/n/10.95
 in_progress\T1/ptm/m/n/10.95 /\T1/cmtt/m/n/10.95 fixed\T1/ptm/m/n/10.95 /\T1/c
mtt/m/n/10.95 verified\T1/ptm/m/n/10.95 )| 
 []


Overfull \hbox (4.10956pt too wide) in paragraph at lines 552--552
[]|\T1/ptm/b/n/10.95 VulnerabilityTask| 
 []

Package textcomp Info: Symbol \textrightarrow not provided by
(textcomp)             font family ptm in TS1 encoding.
(textcomp)             Default family used instead on input line 552.

Underfull \hbox (badness 2635) in paragraph at lines 552--552
[]|\T1/ptm/m/n/10.95 UUID (FK \TS1/cmr/m/n/10.95 ^^Y
 []


Overfull \hbox (4.10956pt too wide) in paragraph at lines 552--552
[]|\T1/ptm/b/n/10.95 VulnerabilityTask| 
 []


Overfull \hbox (50.32916pt too wide) in paragraph at lines 552--552
[]|\T1/ptm/b/n/10.95 VulnerabilityTaskComment| 
 []


Overfull \hbox (50.32916pt too wide) in paragraph at lines 552--552
[]|\T1/ptm/b/n/10.95 VulnerabilityTaskComment| 
 []

Package textcomp Info: Symbol \textrightarrow not provided by
(textcomp)             font family ptm in TS1 encoding.
(textcomp)             Default family used instead on input line 552.

Underfull \hbox (badness 2635) in paragraph at lines 552--552
[]|\T1/ptm/m/n/10.95 UUID (FK \TS1/cmr/m/n/10.95 ^^Y
 []


Overfull \hbox (10.10513pt too wide) in paragraph at lines 552--552
\T1/ptm/m/n/10.95 Vul-ne-ra-bi-li-ty-Task)| 
 []


Overfull \hbox (50.32916pt too wide) in paragraph at lines 552--552
[]|\T1/ptm/b/n/10.95 VulnerabilityTaskComment| 
 []

Package textcomp Info: Symbol \textrightarrow not provided by
(textcomp)             font family ptm in TS1 encoding.
(textcomp)             Default family used instead on input line 552.

Underfull \hbox (badness 2635) in paragraph at lines 552--552
[]|\T1/ptm/m/n/10.95 UUID (FK \TS1/cmr/m/n/10.95 ^^Y
 []


Overfull \hbox (50.32916pt too wide) in paragraph at lines 552--552
[]|\T1/ptm/b/n/10.95 VulnerabilityTaskComment| 
 []


Overfull \hbox (50.32916pt too wide) in paragraph at lines 552--552
[]|\T1/ptm/b/n/10.95 VulnerabilityTaskComment| 
 []


Underfull \hbox (badness 10000) in paragraph at lines 552--552
[]|\T1/ptm/m/n/10.95 Horodatage de créa-tion du
 []


Overfull \hbox (2.44547pt too wide) in paragraph at lines 552--552
[]|\T1/ptm/b/n/10.95 Recommendation| 
 []


Underfull \hbox (badness 10000) in paragraph at lines 552--552
[]|\T1/ptm/m/n/10.95 Identifiant unique de la
 []


Overfull \hbox (2.44547pt too wide) in paragraph at lines 552--552
[]|\T1/ptm/b/n/10.95 Recommendation| 
 []

Package textcomp Info: Symbol \textrightarrow not provided by
(textcomp)             font family ptm in TS1 encoding.
(textcomp)             Default family used instead on input line 552.

Underfull \hbox (badness 2635) in paragraph at lines 552--552
[]|\T1/ptm/m/n/10.95 UUID (FK \TS1/cmr/m/n/10.95 ^^Y
 []


Overfull \hbox (2.44547pt too wide) in paragraph at lines 552--552
[]|\T1/ptm/b/n/10.95 Recommendation| 
 []


Overfull \hbox (2.44547pt too wide) in paragraph at lines 552--552
[]|\T1/ptm/b/n/10.95 Recommendation| 
 []


Overfull \hbox (2.44547pt too wide) in paragraph at lines 552--552
[]|\T1/ptm/b/n/10.95 Recommendation| 
 []


Underfull \hbox (badness 10000) in paragraph at lines 552--552
[]|\T1/ptm/m/n/10.95 Référence CWE as-so-ciée à la
 []


Underfull \hbox (badness 10000) in paragraph at lines 552--552
[]|\T1/ptm/m/n/10.95 String
 []

Package textcomp Info: Symbol \textrightarrow not provided by
(textcomp)             font family ptm in TS1 encoding.
(textcomp)             Default family used instead on input line 552.

Underfull \hbox (badness 2635) in paragraph at lines 552--552
[]|\T1/ptm/m/n/10.95 UUID (FK \TS1/cmr/m/n/10.95 ^^Y
 []


Underfull \hbox (badness 6708) in paragraph at lines 552--552
[]|\T1/ptm/m/n/10.95 Identifiant unique du rap-port de
 []

Package textcomp Info: Symbol \textrightarrow not provided by
(textcomp)             font family ptm in TS1 encoding.
(textcomp)             Default family used instead on input line 552.

Underfull \hbox (badness 2635) in paragraph at lines 552--552
[]|\T1/ptm/m/n/10.95 UUID (FK \TS1/cmr/m/n/10.95 ^^Y
 []

Package textcomp Info: Symbol \textrightarrow not provided by
(textcomp)             font family ptm in TS1 encoding.
(textcomp)             Default family used instead on input line 552.

Underfull \hbox (badness 2635) in paragraph at lines 552--552
[]|\T1/ptm/m/n/10.95 UUID (FK \TS1/cmr/m/n/10.95 ^^Y
 []


Underfull \hbox (badness 10000) in paragraph at lines 552--552
[]|\T1/ptm/m/n/10.95 Données du rap-port sé-ria-li-sées
 []

[86] [87]
Overfull \vbox (308.3172pt too high) has occurred while \output is active []


[88]
Underfull \hbox (badness 1577) in paragraph at lines 559--560
[]\T1/ptm/m/n/12 Le dia-gramme DS-4a (fi-gure []6.6[]) mo-dé-lise le flux DAST 
se-lon la no-ta-tion BCE.
 []


Underfull \hbox (badness 1231) in paragraph at lines 559--560
\T1/ptm/m/n/12 Après créa-tion de l'en-tité \T1/ptm/b/n/12 Scan \T1/ptm/m/n/12 
(en-tity), le contrô-leur pu-blie la tâche dans Re-dis. Le
 []


Underfull \hbox (badness 1571) in paragraph at lines 570--571
\T1/ptm/b/n/12 Vul-ne-ra-bi-li-ty-Pa-nel \T1/ptm/m/n/12 (boun-dary) sou-met les
 ac-tions à \T1/ptm/b/n/12 Vuln-Work-flow-Con-trol-ler \T1/ptm/m/n/12 (control
 []


Underfull \hbox (badness 4242) in paragraph at lines 570--571
\T1/ptm/m/n/12 ^^V end-points \T1/cmtt/m/n/12 POST/PUT /vulnerability-tasks\T1/
ptm/m/n/12 ). Le contrô-leur met à jour l'en-tité
 []


Underfull \hbox (badness 1142) in paragraph at lines 570--571
\T1/ptm/b/n/12 Vul-ne-ra-bi-li-ty-Task \T1/ptm/m/n/12 (en-tity), crée le \T1/pt
m/b/n/12 Vul-ne-ra-bi-li-ty-Task-Comment \T1/ptm/m/n/12 (en-tity) et per-siste 
une
 []


Underfull \hbox (badness 6775) in paragraph at lines 581--582
\T1/ptm/m/n/12 (boun-dary) dé-clenche la re-quête vers \T1/ptm/b/n/12 LLM-Con-t
rol-ler \T1/ptm/m/n/12 (control ^^V end-point \T1/cmtt/m/n/12 POST
 []

[89]
Underfull \hbox (badness 1622) in paragraph at lines 594--595
\T1/ptm/m/n/12 puis le scan ac-tif. Les alertes ZAP sont col-lec-tées après le 
scan et nor-ma-li-sées par
 []

Package textcomp Info: Symbol \textrightarrow not provided by
(textcomp)             font family ptm in TS1 encoding.
(textcomp)             Default family used instead on input line 597.
Package textcomp Info: Symbol \textrightarrow not provided by
(textcomp)             font family ptm in TS1 encoding.
(textcomp)             Default family used instead on input line 597.
Package textcomp Info: Symbol \textrightarrow not provided by
(textcomp)             font family ptm in TS1 encoding.
(textcomp)             Default family used instead on input line 597.

Underfull \hbox (badness 1221) in paragraph at lines 597--598
[]\T1/ptm/m/n/12 Les \T1/cmtt/m/n/12 VulnerabilityTask \T1/ptm/m/n/12 mo-dé-lis
ent le cycle de vie de la re-mé-dia-tion : \T1/cmtt/m/n/12 open \TS1/cmr/m/n/12
 ^^Y
 []


Underfull \hbox (badness 1648) in paragraph at lines 597--598
\T1/cmtt/m/n/12 in_progress \TS1/cmr/m/n/12 ^^Y \T1/cmtt/m/n/12 fixed \TS1/cmr/
m/n/12 ^^Y \T1/cmtt/m/n/12 verified\T1/ptm/m/n/12 . L'as-si-gna-tion dé-clenche
 une \T1/cmtt/m/n/12 Notification \T1/ptm/m/n/12 et
 []

Package textcomp Info: Symbol \textrightarrow not provided by
(textcomp)             font family ptm in TS1 encoding.
(textcomp)             Default family used instead on input line 631.
Package textcomp Info: Symbol \textrightarrow not provided by
(textcomp)             font family ptm in TS1 encoding.
(textcomp)             Default family used instead on input line 631.

Underfull \hbox (badness 3199) in paragraph at lines 631--631
\T1/ptm/m/n/10.95 2. Ob-ser-ver les évé-ne-ments So-cket.IO : \T1/cmtt/m/n/10.9
5 pending \TS1/cmr/m/n/10.95 ^^Y \T1/cmtt/m/n/10.95 running \TS1/cmr/m/n/10.95 
^^Y
 []

[90] [91]
Underfull \hbox (badness 5260) in paragraph at lines 667--668
[]\T1/ptm/m/n/12 Le Sprint 4 a été dé-ve-loppé sur la branche \T1/cmtt/m/n/12 f
eature/sprint4-dast-ia\T1/ptm/m/n/12 . Les
 []


Underfull \hbox (badness 10000) in paragraph at lines 667--668
\T1/ptm/m/n/12 mi-gra-tions Alem-bic ajou-tant les tables \T1/cmtt/m/n/12 risk_
scores\T1/ptm/m/n/12 , \T1/cmtt/m/n/12 vulnerability_tasks\T1/ptm/m/n/12 ,
 []


Underfull \hbox (badness 10000) in paragraph at lines 667--668
\T1/cmtt/m/n/12 vulnerability_task_comments\T1/ptm/m/n/12 , \T1/cmtt/m/n/12 rec
ommendations\T1/ptm/m/n/12 , \T1/cmtt/m/n/12 notifications \T1/ptm/m/n/12 et
 []

) [92]
\openout2 = `chapters/13-Chapitre7.aux'.

 (chapters/13-Chapitre7.tex
Chapitre 7.

Underfull \hbox (badness 10000) in paragraph at lines 2--2

 []


Underfull \hbox (badness 10000) in paragraph at lines 2--2
| \T1/ptm/b/n/26 Sprint 5 -- Da-sh-board,
 []


Underfull \hbox (badness 1087) in paragraph at lines 48--48
\T1/ptm/m/n/10.95 dé-ve-lop-peur, je peux consul-ter
 []


Underfull \hbox (badness 3179) in paragraph at lines 48--48
\T1/ptm/m/n/10.95 un ta-bleau de bord avec les
 []


Underfull \hbox (badness 2065) in paragraph at lines 48--48
\T1/ptm/m/n/10.95 mé-triques de sé-cu-rité de mes
 []


Underfull \hbox (badness 10000) in paragraph at lines 48--48
[]|\T1/ptm/m/n/10.95 Implémenter \T1/cmtt/m/n/10.95 GET
 []


Underfull \hbox (badness 10000) in paragraph at lines 48--48
\T1/cmtt/m/n/10.95 /dashboard/stats \T1/ptm/m/n/10.95 avec
 []


Underfull \hbox (badness 10000) in paragraph at lines 48--48
\T1/ptm/m/n/10.95 agré-ga-tion des \T1/cmtt/m/n/10.95 RiskScore\T1/ptm/m/n/10.9
5 ,
 []


Underfull \hbox (badness 10000) in paragraph at lines 48--48
[]|\T1/ptm/m/n/10.95 Implémenter \T1/cmtt/m/n/10.95 GET
 []


Underfull \hbox (badness 5050) in paragraph at lines 48--48
[]|\T1/ptm/m/n/10.95 En tant que dé-ve-lop-peur ou
 []


Underfull \hbox (badness 10000) in paragraph at lines 48--48
\T1/ptm/m/n/10.95 Se-cu-rity Ma-na-ger, je peux
 []


Underfull \hbox (badness 10000) in paragraph at lines 48--48
\T1/ptm/m/n/10.95 ob-te-nir une re-com-man-da-tion
 []


Underfull \hbox (badness 10000) in paragraph at lines 48--48
\T1/ptm/m/n/10.95 IA contex-tua-li-sée pour une
 []


Underfull \hbox (badness 10000) in paragraph at lines 48--48
[]|\T1/ptm/m/n/10.95 Implémenter l'adap-ta-teur
 []


Underfull \hbox (badness 6625) in paragraph at lines 48--48
\T1/ptm/m/n/10.95 avec construc-tion du prompt
 []


Underfull \hbox (badness 10000) in paragraph at lines 48--48
[]|\T1/ptm/m/n/10.95 Exposer \T1/cmtt/m/n/10.95 POST
 []


Overfull \hbox (13.31506pt too wide) in paragraph at lines 48--48
\T1/cmtt/m/n/10.95 /vulnerabilities/{id}/assist
 []


Underfull \hbox (badness 6608) in paragraph at lines 48--48
\T1/ptm/m/n/10.95 et per-sis-ter la ré-ponse dans
 []


Underfull \hbox (badness 10000) in paragraph at lines 48--48
[]|\T1/ptm/m/n/10.95 Implémenter la gé-né-ra-tion
 []


Underfull \hbox (badness 2538) in paragraph at lines 48--48
\T1/ptm/m/n/10.95 PDF avec Re-port-Lab (ré-sumé
 []


Underfull \hbox (badness 1087) in paragraph at lines 48--48
\T1/ptm/m/n/10.95 exé-cu-tif, score de risque, liste
 []


Underfull \hbox (badness 1721) in paragraph at lines 48--48
\T1/ptm/m/n/10.95 des vul-né-ra-bi-li-tés par sé-vé-rité,
 []


Underfull \hbox (badness 10000) in paragraph at lines 48--48
[]|\T1/ptm/m/n/10.95 Implémenter la sé-ria-li-sa-tion
 []


Underfull \hbox (badness 8132) in paragraph at lines 48--48
[]|\T1/ptm/m/n/10.95 Persister le \T1/cmtt/m/n/10.95 SecurityReport
 []


Underfull \hbox (badness 10000) in paragraph at lines 48--48
\T1/ptm/m/n/10.95 et ex-po-ser \T1/cmtt/m/n/10.95 GET
 []


Overfull \hbox (123.5616pt too wide) in paragraph at lines 48--48
\T1/cmtt/m/n/10.95 /security-reports/{id}/download?format=pdf|json\T1/ptm/m/n/1
0.95 .| 
 []

[93




] [94]
Underfull \hbox (badness 1275) in paragraph at lines 60--61
[]\T1/ptm/b/n/12 Justification. \T1/ptm/m/n/12 L'uti-li-sa-tion d'un LLM lo-cal
 (Ol-lama) est le dif-fé-ren-cia-teur prin-ci-pal
 []


Underfull \hbox (badness 10000) in paragraph at lines 64--65
[]\T1/ptm/b/n/12 Description. \T1/ptm/m/n/12 Re-port-Lab est une bi-blio-thèque
 Py-thon per-met-tant la gé-né-ra-tion
 []


Underfull \hbox (badness 1960) in paragraph at lines 64--65
\T1/ptm/m/n/12 pro-gram-ma-tique de do-cu-ments PDF, avec sup-port des ta-bleau
x, gra-phiques vec-to-riels,
 []


Underfull \hbox (badness 1540) in paragraph at lines 72--73
[]\T1/ptm/b/n/12 Description. \T1/ptm/m/n/12 Les mé-triques du ta-bleau de bord
 (scores de risque, ten-dances, taux
 []


Underfull \hbox (badness 1635) in paragraph at lines 72--73
\T1/ptm/m/n/12 de re-mé-dia-tion) re-quièrent des re-quêtes SQL agré-gées ef-fi
-caces sur les tables \T1/cmtt/m/n/12 scans\T1/ptm/m/n/12 ,
 []

[95]
Underfull \hbox (badness 10000) in paragraph at lines 122--122
[]|\T1/ptm/m/n/10.95 Développeur (\T1/cmtt/m/n/10.95 developer\T1/ptm/m/n/10.95
 ), Se-cu-rity Ma-na-ger (\T1/cmtt/m/n/10.95 security_manager\T1/ptm/m/n/10.95 
),
 []


Underfull \hbox (badness 10000) in paragraph at lines 122--122
[]|\T1/ptm/m/n/10.95 1. L'uti-li-sa-teur ac-cède au ta-bleau de bord (\T1/cmtt/
m/n/10.95 GET
 []


Underfull \hbox (badness 1728) in paragraph at lines 155--155
[]|\T1/ptm/m/n/10.95 Obtenir une ex-pli-ca-tion contex-tuelle et un exemple de 
code cor-rigé
 []


Underfull \hbox (badness 10000) in paragraph at lines 155--155
[]|\T1/cmtt/m/n/10.95 Recommendation \T1/ptm/m/n/10.95 per-sis-tée avec \T1/cmt
t/m/n/10.95 explanation\T1/ptm/m/n/10.95 , \T1/cmtt/m/n/10.95 fix_example \T1/p
tm/m/n/10.95 et
 []


Underfull \hbox (badness 1028) in paragraph at lines 155--155
[]|\T1/ptm/m/n/10.95 3.a Ti-meout Ol-lama (mo-dèle non chargé ou sur-charge) : 
HTTP 503,
 []


Underfull \hbox (badness 10000) in paragraph at lines 155--155
\T1/ptm/m/n/10.95 3.b Re-com-man-da-tion déjà exis-tante : le sys-tème re-tourn
e la
 []

[96]
Underfull \hbox (badness 1783) in paragraph at lines 188--188
[]|\T1/ptm/m/n/10.95 Entité \T1/cmtt/m/n/10.95 SecurityReport \T1/ptm/m/n/10.95
 créée. Fi-chier PDF ou JSON dis-po-nible au
 []


Underfull \hbox (badness 10000) in paragraph at lines 188--188
[]|\T1/ptm/m/n/10.95 1. Le Se-cu-rity Ma-na-ger sou-met \T1/cmtt/m/n/10.95 POST
 /security-reports \T1/ptm/m/n/10.95 avec
 []


Underfull \hbox (badness 2376) in paragraph at lines 188--188
\T1/ptm/m/n/10.95 3. Si PDF : Re-port-Lab gé-nère le do-cu-ment struc-turé et l
e stocke
 []

[97]
Underfull \hbox (badness 1127) in paragraph at lines 196--197
[]\T1/ptm/m/n/12 Le dia-gramme de classes du Sprint 5 (fi-gure []7.2[]) mo-dé-l
ise les en-ti-tés ana-ly-tiques.
 []

[98]
Overfull \hbox (2.44547pt too wide) in paragraph at lines 243--243
[]|\T1/ptm/b/n/10.95 Recommendation| 
 []


Underfull \hbox (badness 10000) in paragraph at lines 243--243
[]|\T1/ptm/m/n/10.95 Identifiant unique de la
 []


Overfull \hbox (2.44547pt too wide) in paragraph at lines 243--243
[]|\T1/ptm/b/n/10.95 Recommendation| 
 []

Package textcomp Info: Symbol \textrightarrow not provided by
(textcomp)             font family ptm in TS1 encoding.
(textcomp)             Default family used instead on input line 243.

Underfull \hbox (badness 2635) in paragraph at lines 243--243
[]|\T1/ptm/m/n/10.95 UUID (FK \TS1/cmr/m/n/10.95 ^^Y
 []


Overfull \hbox (2.44547pt too wide) in paragraph at lines 243--243
[]|\T1/ptm/b/n/10.95 Recommendation| 
 []


Overfull \hbox (2.44547pt too wide) in paragraph at lines 243--243
[]|\T1/ptm/b/n/10.95 Recommendation| 
 []


Overfull \hbox (2.44547pt too wide) in paragraph at lines 243--243
[]|\T1/ptm/b/n/10.95 Recommendation| 
 []


Underfull \hbox (badness 10000) in paragraph at lines 243--243
[]|\T1/ptm/m/n/10.95 Référence CWE as-so-ciée à la
 []


Underfull \hbox (badness 10000) in paragraph at lines 243--243
[]|\T1/ptm/m/n/10.95 String
 []


Overfull \hbox (2.44547pt too wide) in paragraph at lines 243--243
[]|\T1/ptm/b/n/10.95 Recommendation| 
 []


Overfull \hbox (2.44547pt too wide) in paragraph at lines 243--243
[]|\T1/ptm/b/n/10.95 Recommendation| 
 []

Package textcomp Info: Symbol \textrightarrow not provided by
(textcomp)             font family ptm in TS1 encoding.
(textcomp)             Default family used instead on input line 243.

Underfull \hbox (badness 2635) in paragraph at lines 243--243
[]|\T1/ptm/m/n/10.95 UUID (FK \TS1/cmr/m/n/10.95 ^^Y
 []

Package textcomp Info: Symbol \textrightarrow not provided by
(textcomp)             font family ptm in TS1 encoding.
(textcomp)             Default family used instead on input line 243.

Underfull \hbox (badness 2635) in paragraph at lines 243--243
[]|\T1/ptm/m/n/10.95 UUID (FK \TS1/cmr/m/n/10.95 ^^Y
 []


Underfull \hbox (badness 10000) in paragraph at lines 243--243
[]|\T1/ptm/m/n/10.95 Données du rap-port sé-ria-li-sées
 []


Underfull \hbox (badness 4060) in paragraph at lines 243--243
[]|\T1/ptm/m/n/10.95 Score de risque du der-nier scan
 []


Underfull \hbox (badness 10000) in paragraph at lines 243--243
[]|\T1/ptm/m/n/10.95 Niveau qua-li-ta-tif
 []


Underfull \hbox (badness 3375) in paragraph at lines 243--243
[]|\T1/ptm/m/n/10.95 Nombre de vul-né-ra-bi-li-tés à l'état
 []


Underfull \hbox (badness 10000) in paragraph at lines 243--243
[]|\T1/ptm/m/n/10.95 Décompte par sé-vé-rité (JSON :
 []

[99]
Underfull \hbox (badness 1331) in paragraph at lines 250--251
\T1/ptm/m/n/12 L'ac-tion \T1/ptm/m/it/12 As-sist with AI \T1/ptm/m/n/12 de-puis
 \T1/ptm/b/n/12 Vuln-De-tail-Pa-nel \T1/ptm/m/n/12 (boun-dary) dé-clenche \T1/p
tm/b/n/12 LLM-Con-trol-ler
 []


Underfull \hbox (badness 5637) in paragraph at lines 250--251
\T1/ptm/m/n/12 (boun-dary) dé-clenche \T1/ptm/b/n/12 Re-port-Con-trol-ler \T1/p
tm/m/n/12 (control ^^V \T1/cmtt/m/n/12 POST /security-reports\T1/ptm/m/n/12 ) q
ui
 []

[100]
Underfull \hbox (badness 3108) in paragraph at lines 263--264
[]\T1/ptm/m/n/12 Les end-points du ta-bleau de bord agrègent les don-nées des e
n-ti-tés \T1/cmtt/m/n/12 RiskScore\T1/ptm/m/n/12 ,
 []


Underfull \hbox (badness 3942) in paragraph at lines 269--270
[]\T1/ptm/m/n/12 Le mo-dule de gé-né-ra-tion de rap-ports prend en en-trée les 
filtres (\T1/cmtt/m/n/12 project_id\T1/ptm/m/n/12 ,
 []

[101]
Underfull \hbox (badness 2005) in paragraph at lines 300--300
\T1/ptm/m/n/10.95 avec les champs re-quis, et que les ap-pels re-don-dants re-t
ournent la
 []


Underfull \hbox (badness 10000) in paragraph at lines 300--300
[]|\T1/ptm/m/n/10.95 1. En-voyer \T1/cmtt/m/n/10.95 POST /vulnerabilities/{id}/
assist \T1/ptm/m/n/10.95 avec
 []


Underfull \hbox (badness 2556) in paragraph at lines 300--300
\T1/ptm/m/n/10.95 3. Vé-ri-fier la créa-tion d'une en-tité \T1/cmtt/m/n/10.95 R
ecommendation \T1/ptm/m/n/10.95 en base avec
 []

[102]) [103] (chapters/14-ConclusionGenerale.tex
Underfull \hbox (badness 10000) in paragraph at lines 1--1

 []


Underfull \hbox (badness 7151) in paragraph at lines 7--8
\T1/ptm/b/n/12 Bilan tech-nique. \T1/ptm/m/n/12 Sur le plan tech-nique, la pla-
te-forme re-pose sur un en-semble
 []


Underfull \hbox (badness 2772) in paragraph at lines 7--8
\T1/ptm/m/n/12 co-hé-rent de com-po-sants : une API REST asyn-chrone Fas-tAPI e
x-po-sant plus d'une
 []


Underfull \hbox (badness 1117) in paragraph at lines 7--8
\T1/cmtt/m/n/12 Scan\T1/ptm/m/n/12 , \T1/cmtt/m/n/12 Vulnerability\T1/ptm/m/n/1
2 , \T1/cmtt/m/n/12 VulnerabilityTask\T1/ptm/m/n/12 , \T1/cmtt/m/n/12 Vulnerabi
lityTaskComment\T1/ptm/m/n/12 , \T1/cmtt/m/n/12 RiskScore\T1/ptm/m/n/12 ,
 []


Underfull \hbox (badness 1194) in paragraph at lines 10--11
\T1/ptm/m/n/12 source ana-lysé, sans trans-mis-sion vers des ser-veurs ex-terne
s. Les re-com-man-da-tions de
 []

[104



]) (chapters/11-Bibliographie.tex [105] (main.bbl
Underfull \hbox (badness 10000) in paragraph at lines 1--1

 []

)) (chapters/10-DosDuRapport.tex [106


]) [107

]
runsystem(latexminted cleantemp  --timestamp 20260604134034 FAD58DE7366495DB465
0CFEFAC2FCD61)...disabled (restricted).

 (main.aux
(chapters/05-Chapitre1.aux) (chapters/06-Chapitre2.aux)
(chapters/07-chapitre3.aux) (chapters/08-Chapitre4.aux)
(chapters/09-Chapitre5.aux) (chapters/12-Chapitre6.aux)
(chapters/13-Chapitre7.aux))
 ***********
LaTeX2e <2023-11-01> patch level 1
L3 programming layer <2024-01-04>
 ***********
Package rerunfilecheck Info: File `main.out' has not changed.
(rerunfilecheck)             Checksum: F9C9EF6B9ABF9FC45BDE71EACA6D7EA2;43902.
 ) 
Here is how much of TeX's memory you used:
 39393 strings out of 474486
 799035 string characters out of 5744226
 1963542 words of memory out of 5000000
 60405 multiletter control sequences out of 15000+600000
 652993 words of font info for 129 fonts, out of 8000000 for 9000
 1141 hyphenation exceptions out of 8191
 100i,15n,108p,1121b,962s stack positions out of 10000i,1000n,20000p,200000b,200000s
 <C:\Users\Wiem\AppData\Local\MiKTeX\fonts/pk/ljfour/jknappen/ec/dpi600\tctt1
200.pk> <C:\Users\Wiem\AppData\Local\MiKTeX\fonts/pk/ljfour/jknappen/ec/dpi600\
tcrm1200.pk> <C:\Users\Wiem\AppData\Local\MiKTeX\fonts/pk/ljfour/jknappen/ec/dp
i600\tcrm1095.pk> <C:\Users\Wiem\AppData\Local\MiKTeX\fonts/pk/ljfour/jknappen/
ec/dpi600\ectt1440.pk> <C:\Users\Wiem\AppData\Local\MiKTeX\fonts/pk/ljfour/jkna
ppen/ec/dpi600\tctt1095.pk> <C:\Users\Wiem\AppData\Local\MiKTeX\fonts/pk/ljfour
/jknappen/ec/dpi600\ectt1095.pk> <C:\Users\Wiem\AppData\Local\MiKTeX\fonts/pk/l
jfour/jknappen/ec/dpi600\ectt1200.pk><C:/Users/Wiem/AppData/Local/Programs/MiKT
eX/fonts/type1/public/amsfonts/cm/cmmi12.pfb><C:/Users/Wiem/AppData/Local/Progr
ams/MiKTeX/fonts/type1/public/amsfonts/cm/cmr12.pfb><C:/Users/Wiem/AppData/Loca
l/Programs/MiKTeX/fonts/type1/urw/times/utmb8a.pfb><C:/Users/Wiem/AppData/Local
/Programs/MiKTeX/fonts/type1/urw/times/utmbi8a.pfb><C:/Users/Wiem/AppData/Local
/Programs/MiKTeX/fonts/type1/urw/times/utmr8a.pfb><C:/Users/Wiem/AppData/Local/
Programs/MiKTeX/fonts/type1/urw/times/utmri8a.pfb><C:/Users/Wiem/AppData/Local/
Programs/MiKTeX/fonts/type1/urw/zapfding/uzdr.pfb>
Output written on main.pdf (122 pages, 2537668 bytes).
PDF statistics:
 2300 PDF objects out of 2487 (max. 8388607)
 507 named destinations out of 1000 (max. 500000)
 26455 words of extra memory for PDF output out of 29859 (max. 10000000)

